dataset,dataset_frame_id,relative_path,estimate_relative_path,method,ri_width,ri_height,original_points_count,reconstructed_points_count,k_neighbors,runtime_seconds,metrics_runtime_seconds,reconstructed_to_original_point_to_plane_mean,reconstructed_to_original_point_to_plane_rmse,reconstructed_to_original_point_to_plane_median,reconstructed_to_original_point_to_plane_p95,reconstructed_to_original_point_to_plane_max,original_to_reconstructed_point_to_plane_mean,original_to_reconstructed_point_to_plane_rmse,original_to_reconstructed_point_to_plane_median,original_to_reconstructed_point_to_plane_p95,original_to_reconstructed_point_to_plane_max,point_to_plane_mean,point_to_plane_rmse,point_to_plane_median,point_to_plane_p95,point_to_plane_max
kitti,26283,2011_09_30/2011_09_30_drive_0018_sync/velodyne_points/data/0000000000.bin,2011_09_30/2011_09_30_drive_0018_sync/velodyne_points/data/0000000000.bin,alice_lri,4000,64,126956,126956,12,1.0084757300001002,0.9728693810002369,0.00020456600513906882,0.000250019381927553,0.00018094867271384757,0.0004658399343654234,0.0008086692722924643,0.00020454003681626994,0.00024999314391301036,0.00018097399683365085,0.00046590761135790267,0.0008085580852817405,0.00020455302097766937,0.00025000626326448974,0.00018095759375875357,0.000465869569800092,0.0008086692722924643
kitti,26283,2011_09_30/2011_09_30_drive_0018_sync/velodyne_points/data/0000000000.bin,2011_09_30/2011_09_30_drive_0018_sync/velodyne_points/data/0000000000.bin,pbea_native,4000,64,126956,116913,12,0.9541914289993656,0.9484583039993595,0.015195256250616206,0.023597300679144003,0.010294176148988629,0.04734039346939451,0.27682461007981557,0.018064035319807152,0.039527356842703386,0.01089990452807518,0.05565477902688521,4.002032099046207,0.016688716737632617,0.03286834535248685,0.010604308476599949,0.05164212351754086,4.002032099046207
kitti,24270,2011_09_30/2011_09_30_drive_0018_sync/velodyne_points/data/0000000001.bin,2011_09_30/2011_09_30_drive_0018_sync/velodyne_points/data/0000000000.bin,alice_lri,4000,64,127058,127058,12,1.0308890730002531,0.9873376120003741,0.00020438988065329809,0.0002496456511971119,0.00018124140892308022,0.0004658630742747644,0.0007862329321487873,0.00020436390414023268,0.0002496323505960227,0.00018127519032858498,0.0004659707581274414,0.000786223221572623,0.00020437689239676538,0.0002496390009851482,0.00018126626536692323,0.00046591973556926204,0.0007862329321487873
kitti,24270,2011_09_30/2011_09_30_drive_0018_sync/velodyne_points/data/0000000001.bin,2011_09_30/2011_09_30_drive_0018_sync/velodyne_points/data/0000000000.bin,pbea_native,4000,64,127058,117196,12,0.9725614480012155,0.9670198460007668,0.015173017348007342,0.02372221166028257,0.010204684761855529,0.0471638818951792,0.2730991863387702,0.017984472492478108,0.04625550891920015,0.010804022819594018,0.055286698353355215,4.390126052780024,0.01663550257955387,0.037188583419009505,0.010500613783132124,0.051414141828100786,4.390126052780024
kitti,25423,2011_09_30/2011_09_30_drive_0018_sync/velodyne_points/data/0000000002.bin,2011_09_30/2011_09_30_drive_0018_sync/velodyne_points/data/0000000000.bin,alice_lri,4000,64,127195,127195,12,1.025259817000915,0.9843195740004376,0.00020354087672083766,0.0002487830210356518,0.00018035775066601418,0.00046537035235393384,0.000730008375621149,0.00020357504869965415,0.00024880402198139065,0.00018034371659490035,0.00046546398045558255,0.0007300010361818275,0.0002035579627102459,0.0002487935217301105,0.00018035022342182414,0.0004654051924439101,0.000730008375621149
kitti,25423,2011_09_30/2011_09_30_drive_0018_sync/velodyne_points/data/0000000002.bin,2011_09_30/2011_09_30_drive_0018_sync/velodyne_points/data/0000000000.bin,pbea_native,4000,64,127195,117184,12,0.9751246450005056,0.9694425590005267,0.015055661226708195,0.023602288224567225,0.010170204080354812,0.04675834857102162,0.26522689418950046,0.01776671409649845,0.04035320050280849,0.010796177523199562,0.055965547109924005,3.147684957008935,0.016466716881134196,0.03338663797749007,0.010486025844704967,0.05140166086488363,3.147684957008935
kitti,23936,2011_09_30/2011_09_30_drive_0018_sync/velodyne_points/data/0000000003.bin,2011_09_30/2011_09_30_drive_0018_sync/velodyne_points/data/0000000000.bin,alice_lri,4000,64,127198,127198,12,1.037910995000857,0.9936317700003201,0.00020474534072591484,0.00024975995671395736,0.0001814412232193282,0.00046663374133889114,0.0007850924457640085,0.00020473232253201437,0.0002497564884221301,0.0001815160699289739,0.0004666207213636014,0.0007855380950401084,0.0002047388316289646,0.0002497582225740641,0.00018148063176294044,0.00046662729229350196,0.0007855380950401084
kitti,23936,2011_09_30/2011_09_30_drive_0018_sync/velodyne_points/data/0000000003.bin,2011_09_30/2011_09_30_drive_0018_sync/velodyne_points/data/0000000000.bin,pbea_native,4000,64,127198,117214,12,0.9830023289996461,0.9775041820003025,0.015091877460330557,0.02370668947223476,0.010351319350034891,0.04734952892550507,0.27517812078306764,0.017881189530183878,0.043484269759736016,0.010888970288745676,0.05612797053493119,4.362844552546874,0.016543503880724005,0.03540601726897038,0.010630215255040404,0.05179814125275097,4.362844552546874
kitti,25537,2011_09_30/2011_09_30_drive_0018_sync/velodyne_points/data/0000000004.bin,2011_09_30/2011_09_30_drive_0018_sync/velodyne_points/data/0000000000.bin,alice_lri,4000,64,127142,127142,12,1.0337516039999173,0.9890755639999043,0.00020356720007411197,0.00024881187636636136,0.00017992320117048036,0.00046536186779864503,0.0007993269477130272,0.0002035758243581386,0.0002488071322528325,0.00017982455319792088,0.00046526031427662805,0.0007999141473787206,0.00020357151221612533,0.0002488095043209041,0.00017987147895188804,0.0004652844726422416,0.0007999141473787206
kitti,25537,2011_09_30/2011_09_30_drive_0018_sync/velodyne_points/data/0000000004.bin,2011_09_30/2011_09_30_drive_0018_sync/velodyne_points/data/0000000000.bin,pbea_native,4000,64,127142,116910,12,0.9841409129994645,0.9785351190002984,0.014693142872758662,0.022703883825940005,0.010033079402461443,0.04588610891984812,0.26600211837449494,0.018019943405603565,0.04635659988855196,0.010679321840177223,0.05649353252347445,2.795391145178946,0.0164262820125607,0.03696542061802691,0.010362414846464083,0.05224499767054193,2.795391145178946
kitti,26194,2011_09_30/2011_09_30_drive_0018_sync/velodyne_points/data/0000000005.bin,2011_09_30/2011_09_30_drive_0018_sync/velodyne_points/data/0000000000.bin,alice_lri,4000,64,126999,126999,12,1.022681076000481,0.9837888090005436,0.00020370714682394178,0.0002488236299359591,0.00018058478162829753,0.0004654604142826685,0.0007262428556432455,0.00020370738236810747,0.0002488102309903929,0.00018050444870237618,0.0004653286760769088,0.0007261110674705439,0.00020370726459602466,0.0002488169305533687,0.00018054918111888097,0.0004654060012373153,0.0007262428556432455
kitti,26194,2011_09_30/2011_09_30_drive_0018_sync/velodyne_points/data/0000000005.bin,2011_09_30/2011_09_30_drive_0018_sync/velodyne_points/data/0000000000.bin,pbea_native,4000,64,126999,117312,12,0.9737533669995173,0.9682370419996005,0.014986303479018075,0.02301825673997439,0.010238007101809637,0.04570528913911665,0.23174973638542024,0.017820432656903386,0.046602544448074115,0.010803594342451664,0.05574580579844796,5.3723104915330575,0.016459555078259438,0.03719369133591291,0.010524582082776433,0.05183404418354237,5.3723104915330575
kitti,26409,2011_09_30/2011_09_30_drive_0018_sync/velodyne_points/data/0000000006.bin,2011_09_30/2011_09_30_drive_0018_sync/velodyne_points/data/0000000000.bin,alice_lri,4000,64,126987,126987,12,1.011532824000824,0.972564591000264,0.00020411576665483135,0.0002494498567123785,0.00018044856651567662,0.0004669861417922688,0.0007801473893038684,0.00020409903073104335,0.00024944201677010023,0.00018036278809273885,0.00046700997721893555,0.0007785679386237767,0.00020410739869293736,0.00024944593677204,0.0001804089134533317,0.00046700881256113615,0.0007801473893038684
kitti,26409,2011_09_30/2011_09_30_drive_0018_sync/velodyne_points/data/0000000006.bin,2011_09_30/2011_09_30_drive_0018_sync/velodyne_points/data/0000000000.bin,pbea_native,4000,64,126987,117359,12,0.9664007020001009,0.960615852999581,0.01550610419001459,0.02334962090813287,0.010632196014611213,0.04790919660145609,0.29798199957157995,0.01848768422461825,0.046687577911348026,0.011258033975395867,0.055332786957828166,3.9993025153575266,0.017055636017235882,0.03734528184966551,0.010946382402678038,0.05179238214574867,3.9993025153575266
kitti,24930,2011_09_30/2011_09_30_drive_0018_sync/velodyne_points/data/0000000007.bin,2011_09_30/2011_09_30_drive_0018_sync/velodyne_points/data/0000000000.bin,alice_lri,4000,64,127070,127070,12,1.0394131019993438,0.9893175509996581,0.00020406020302114706,0.000249144151983757,0.00018135528504185174,0.00046604944764311134,0.0007228495969651065,0.00020407548636861177,0.0002491660663328277,0.00018134907765416687,0.00046615864812650715,0.0007402973660054506,0.00020406784469487944,0.00024915510939922593,0.00018135386705772405,0.000466113151712097,0.0007402973660054506
kitti,24930,2011_09_30/2011_09_30_drive_0018_sync/velodyne_points/data/0000000007.bin,2011_09_30/2011_09_30_drive_0018_sync/velodyne_points/data/0000000000.bin,pbea_native,4000,64,127070,117471,12,0.9655273740008852,0.9599098420003429,0.015462682510355135,0.023519740286033316,0.010658998261178141,0.04801119875912981,0.22722943607754545,0.01807433751444495,0.03937407047156776,0.011257401663642422,0.05582523920186481,3.029843220019356,0.016819767830893177,0.03273099789423165,0.010966794374335793,0.0515579165385842,3.029843220019356
kitti,24129,2011_09_30/2011_09_30_drive_0018_sync/velodyne_points/data/0000000008.bin,2011_09_30/2011_09_30_drive_0018_sync/velodyne_points/data/0000000000.bin,alice_lri,4000,64,126989,126989,12,1.0372467340002913,0.9939802540002347,0.00020581363209079827,0.0002508645455793353,0.0001833460458450685,0.0004665896025179848,0.0007338853858514044,0.00020584430138116295,0.0002509012588130772,0.0001834019589435069,0.0004665843697390631,0.0007334427820444205,0.0002058289667359806,0.00025088290286776527,0.00018337102555574566,0.0004665871029433585,0.0007338853858514044
kitti,24129,2011_09_30/2011_09_30_drive_0018_sync/velodyne_points/data/0000000008.bin,2011_09_30/2011_09_30_drive_0018_sync/velodyne_points/data/0000000000.bin,pbea_native,4000,64,126989,117188,12,0.967103634000523,0.9615643610004554,0.015616385409548529,0.023895152760492987,0.010633495768634281,0.04817882323619056,0.26300628610764815,0.018655078614350923,0.047038358484771295,0.011398750000779516,0.057203023637902604,3.818813795433438,0.017196716937025118,0.03774571959853158,0.011023727299849984,0.05265068920154138,3.818813795433438
kitti,24471,2011_09_30/2011_09_30_drive_0018_sync/velodyne_points/data/0000000009.bin,2011_09_30/2011_09_30_drive_0018_sync/velodyne_points/data/0000000000.bin,alice_lri,4000,64,126880,126880,12,1.0367133780000586,0.9917164669996055,0.00020714631768645634,0.0002526311640115698,0.00018438760481572178,0.00046993494075231717,0.0007561953233404363,0.00020716487685982794,0.00025264994010485223,0.00018443427807414463,0.00046991331260674846,0.000756184007867394,0.00020715559727314212,0.0002526405522326395,0.0001844105128804573,0.0004699282510354969,0.0007561953233404363
kitti,24471,2011_09_30/2011_09_30_drive_0018_sync/velodyne_points/data/0000000009.bin,2011_09_30/2011_09_30_drive_0018_sync/velodyne_points/data/0000000000.bin,pbea_native,4000,64,126880,116347,12,0.9771563530002823,0.9716479070002606,0.015400045091503512,0.02391484343553443,0.010470395263004589,0.04698821288068002,0.28565816698623736,0.018794356968266476,0.0440465692498246,0.011155835480904158,0.05935065540787789,6.035304720735335,0.017170696749928296,0.035855748248847796,0.010819774751963617,0.05298162097770143,6.035304720735335
kitti,25350,2011_09_30/2011_09_30_drive_0018_sync/velodyne_points/data/0000000010.bin,2011_09_30/2011_09_30_drive_0018_sync/velodyne_points/data/0000000000.bin,alice_lri,4000,64,126924,126924,12,1.013902188999964,0.9736979700001029,0.00020720039361609536,0.00025265926356942054,0.00018503777274438623,0.0004696418682571758,0.0007592840832475552,0.00020718750326026604,0.00025266929458152526,0.0001850450977640691,0.0004697192413313633,0.0007596808904865725,0.00020719394843818066,0.00025266427912525296,0.00018504076847324015,0.0004696943590877273,0.0007596808904865725
kitti,25350,2011_09_30/2011_09_30_drive_0018_sync/velodyne_points/data/0000000010.bin,2011_09_30/2011_09_30_drive_0018_sync/velodyne_points/data/0000000000.bin,pbea_native,4000,64,126924,116421,12,0.9579735289999007,0.9524901389995648,0.01567530828179049,0.0238648601372258,0.010898832991571862,0.04885061124376046,0.24847870701140726,0.019601417611402976,0.05852304014336013,0.011718622450038782,0.059548529255003084,5.069535184934132,0.017723090239717444,0.04537466347523388,0.011314554896786113,0.0547413265567814,5.069535184934132
kitti,25010,2011_09_30/2011_09_30_drive_0018_sync/velodyne_points/data/0000000011.bin,2011_09_30/2011_09_30_drive_0018_sync/velodyne_points/data/0000000000.bin,alice_lri,4000,64,126802,126802,12,1.0154353549996813,0.9730028049998509,0.0002076240074637181,0.00025287712915313647,0.00018522912866623974,0.00046879964639894885,0.0007905978114890861,0.00020762158629697355,0.0002528620947906459,0.0001852309295703734,0.00046867561106377585,0.0007919315269850505,0.0002076227968803458,0.0002528696120836247,0.00018522995485316428,0.00046872547786282735,0.0007919315269850505
kitti,25010,2011_09_30/2011_09_30_drive_0018_sync/velodyne_points/data/0000000011.bin,2011_09_30/2011_09_30_drive_0018_sync/velodyne_points/data/0000000000.bin,pbea_native,4000,64,126802,117100,12,0.9731553039991923,0.9675673949996053,0.016066907056633304,0.024110598406231826,0.011379199057928762,0.04891977021181266,0.2556317434489941,0.020315984780218392,0.0776810733348748,0.011909644209796,0.05961915116177868,9.20140010586318,0.018275956402296872,0.05844904681305755,0.011673828334066145,0.05457129088146679,9.20140010586318
kitti,25486,2011_09_30/2011_09_30_drive_0018_sync/velodyne_points/data/0000000012.bin,2011_09_30/2011_09_30_drive_0018_sync/velodyne_points/data/0000000000.bin,alice_lri,4000,64,126678,126678,12,1.0119906079999055,0.969492913999602,0.0002090894245347451,0.00025446133541306564,0.00018709820921182643,0.00047084533310973615,0.0007821330957515138,0.000209085793064645,0.00025445986106210824,0.00018708436537816464,0.0004708592168037482,0.0007823490154730587,0.00020908760879969506,0.00025446059823865477,0.00018709038160570857,0.0004708585102928057,0.0007823490154730587
kitti,25486,2011_09_30/2011_09_30_drive_0018_sync/velodyne_points/data/0000000012.bin,2011_09_30/2011_09_30_drive_0018_sync/velodyne_points/data/0000000000.bin,pbea_native,4000,64,126678,117231,12,0.9594317090004552,0.953717293000409,0.016507661233823537,0.02497318112356731,0.01100231247049305,0.05118069790582564,0.2324708315262546,0.02007102357188777,0.053605504997075996,0.011639932620285814,0.06089685786011761,4.123336103802987,0.01835834986877059,0.042334099298515344,0.011322416064483688,0.05641141979455565,4.123336103802987
kitti,25312,2011_09_30/2011_09_30_drive_0018_sync/velodyne_points/data/0000000013.bin,2011_09_30/2011_09_30_drive_0018_sync/velodyne_points/data/0000000000.bin,alice_lri,4000,64,126557,126557,12,1.0092798340001536,0.960902681999869,0.00020919910680408508,0.0002547676179067273,0.0001864716251274688,0.0004719815695036414,0.0007596730267844376,0.00020922366961697612,0.0002547910785573248,0.00018657879803724213,0.0004720738390725128,0.0007600907898773592,0.00020921138821053062,0.00025477934850206467,0.00018653457657774757,0.00047201782362964157,0.0007600907898773592
kitti,25312,2011_09_30/2011_09_30_drive_0018_sync/velodyne_points/data/0000000013.bin,2011_09_30/2011_09_30_drive_0018_sync/velodyne_points/data/0000000000.bin,pbea_native,4000,64,126557,115666,12,0.9416810290003923,0.9360310690008191,0.01612564302922501,0.024463155402759628,0.010907560163104986,0.048785447920794686,0.289851402844768,0.019734067801778096,0.04348663979944228,0.011611212309365342,0.06064369858052549,2.677734052491326,0.018010977675150468,0.03569071644995078,0.011259613378471152,0.05462009788610338,2.677734052491326
kitti,25763,2011_09_30/2011_09_30_drive_0018_sync/velodyne_points/data/0000000014.bin,2011_09_30/2011_09_30_drive_0018_sync/velodyne_points/data/0000000000.bin,alice_lri,4000,64,126461,126461,12,1.004163719000644,0.961948121000205,0.00021001431829665787,0.0002551094564423171,0.000188173145578548,0.00047120780896292704,0.0007777262028088788,0.00021001160285686883,0.00025508992272732994,0.0001881146106723618,0.00047119184817899154,0.0007776976112506276,0.00021001296057676335,0.0002550996897717926,0.00018814356894811338,0.00047120114451677184,0.0007777262028088788
kitti,25763,2011_09_30/2011_09_30_drive_0018_sync/velodyne_points/data/0000000014.bin,2011_09_30/2011_09_30_drive_0018_sync/velodyne_points/data/0000000000.bin,pbea_native,4000,64,126461,115643,12,0.9462645630001134,0.9406456209999305,0.016007056606955863,0.02424033598688952,0.011041705858943294,0.04756399011598076,0.27358991248308995,0.019833908174534533,0.05800159037751592,0.01195660028925778,0.059595881251846394,6.965402552933703,0.0180059805243119,0.04514335798751388,0.011499696408482831,0.053409324320951926,6.965402552933703
kitti,26003,2011_09_30/2011_09_30_drive_0018_sync/velodyne_points/data/0000000015.bin,2011_09_30/2011_09_30_drive_0018_sync/velodyne_points/data/0000000000.bin,alice_lri,4000,64,126353,126353,12,1.0016267549999611,0.9597044550000646,0.00021063074237251622,0.0002555246689352434,0.00019019271432786303,0.00047095313444967744,0.0007434389279369041,0.0002106528845503456,0.00025554918995846073,0.00019030522489432,0.00047080472059248554,0.0007433995756020173,0.00021064181346143094,0.00025553692974097816,0.00019024193038353417,0.0004708815464493443,0.0007434389279369041
kitti,26003,2011_09_30/2011_09_30_drive_0018_sync/velodyne_points/data/0000000015.bin,2011_09_30/2011_09_30_drive_0018_sync/velodyne_points/data/0000000000.bin,pbea_native,4000,64,126353,116456,12,0.9590130110000246,0.9535210370004279,0.01583402917914322,0.023875828720377856,0.011075989161261908,0.047843544805577384,0.2538065612815536,0.019862544797739853,0.053871560699129954,0.01181643260077817,0.059791193003552755,3.7380485392783456,0.0179303890091188,0.04223302760731401,0.01145375379594781,0.05459754214117452,3.7380485392783456
kitti,25298,2011_09_30/2011_09_30_drive_0018_sync/velodyne_points/data/0000000016.bin,2011_09_30/2011_09_30_drive_0018_sync/velodyne_points/data/0000000000.bin,alice_lri,4000,64,126129,126129,12,0.9930474020002293,0.9552891889998136,0.00021149373725758922,0.00025680620169477936,0.0001905472766078981,0.0004717347424591159,0.0007613115469657549,0.00021150067400244892,0.00025679993772478616,0.0001905889332050432,0.0004716903566226951,0.0007618389419457202,0.00021149720563001906,0.0002568030697288817,0.0001905666946524648,0.00047172163235105783,0.0007618389419457202
kitti,25298,2011_09_30/2011_09_30_drive_0018_sync/velodyne_points/data/0000000016.bin,2011_09_30/2011_09_30_drive_0018_sync/velodyne_points/data/0000000000.bin,pbea_native,4000,64,126129,117672,12,0.9428912939993097,0.9374514309993174,0.015952269593432652,0.02401749593168958,0.0108670436160031,0.04995942278336773,0.25783501586922575,0.019463783323416924,0.04742435139707662,0.011508378627075596,0.05976387895426853,4.934497413517513,0.017768930375173443,0.03797312014867966,0.011191945976577033,0.05488202703740243,4.934497413517513
kitti,24397,2011_09_30/2011_09_30_drive_0018_sync/velodyne_points/data/0000000017.bin,2011_09_30/2011_09_30_drive_0018_sync/velodyne_points/data/0000000000.bin,alice_lri,4000,64,126298,126298,12,1.0037884740013396,0.95499486800054,0.0002118358184572137,0.0002570379858640849,0.0001907899350060988,0.00047287929858335655,0.000757724812972052,0.0002118365239422843,0.0002570462604217122,0.00019084923193885044,0.00047269790358781574,0.0007575775700141148,0.00021183617119974903,0.00025704212317619485,0.00019083463695919518,0.0004727843552539887,0.000757724812972052
kitti,24397,2011_09_30/2011_09_30_drive_0018_sync/velodyne_points/data/0000000017.bin,2011_09_30/2011_09_30_drive_0018_sync/velodyne_points/data/0000000000.bin,pbea_native,4000,64,126298,117724,12,0.9523429939999914,0.9467910640005357,0.01587716955069097,0.024485880508258062,0.010499641312516763,0.05001907690004545,0.2625090537414443,0.019331759419666996,0.04894211691450419,0.011118322745772981,0.06003268598638745,5.923006473012546,0.01766515502442667,0.03910233835798377,0.010809990713315084,0.05538352470553523,5.923006473012546
kitti,24645,2011_09_30/2011_09_30_drive_0018_sync/velodyne_points/data/0000000018.bin,2011_09_30/2011_09_30_drive_0018_sync/velodyne_points/data/0000000000.bin,alice_lri,4000,64,126217,126217,12,1.0129467819997444,0.9708984489998329,0.000212373359189639,0.0002573401564424352,0.00019233017698178206,0.00047259534085148167,0.0007983128709292415,0.00021238369896942462,0.00025736141466697546,0.0001923046949573382,0.00047261296135454715,0.0007983931853884576,0.0002123785290795318,0.0002573507857742073,0.00019232731685287413,0.0004725979947376066,0.0007983931853884576
kitti,24645,2011_09_30/2011_09_30_drive_0018_sync/velodyne_points/data/0000000018.bin,2011_09_30/2011_09_30_drive_0018_sync/velodyne_points/data/0000000000.bin,pbea_native,4000,64,126217,117493,12,0.9480023309997705,0.9424606920001679,0.015883550338782377,0.023945494946145875,0.01074210556141655,0.047882415393949385,0.23258593052613677,0.019123460305575588,0.04422252370935307,0.01128686014390469,0.05719836548446193,2.774019151386004,0.017561494273289527,0.03590611409309087,0.011002973459798927,0.052260213506733114,2.774019151386004
kitti,24110,2011_09_30/2011_09_30_drive_0018_sync/velodyne_points/data/0000000019.bin,2011_09_30/2011_09_30_drive_0018_sync/velodyne_points/data/0000000000.bin,alice_lri,4000,64,126224,126224,12,1.0211320309999792,0.9640659410006265,0.00021177785659049427,0.00025680171384590505,0.00019141167787537416,0.0004724551432917239,0.000814194520839054,0.00021180864979406474,0.0002568383904970513,0.00019143386335766807,0.0004724300638589462,0.0008140653884993077,0.0002117932531922795,0.00025682005282620543,0.00019142757198709092,0.0004724365975454215,0.000814194520839054
kitti,24110,2011_09_30/2011_09_30_drive_0018_sync/velodyne_points/data/0000000019.bin,2011_09_30/2011_09_30_drive_0018_sync/velodyne_points/data/0000000000.bin,pbea_native,4000,64,126224,118238,12,0.9531707930000266,0.9476783660002184,0.016218438268097324,0.024644603554663823,0.010999387685504819,0.05053275255715222,0.28763600135629597,0.019594919187938136,0.051299379742677995,0.011482456396822107,0.05780064034307585,3.8394549912473,0.0179618295830092,0.04065163584684164,0.01123592557869477,0.05446641841999445,3.8394549912473
kitti,24384,2011_09_30/2011_09_30_drive_0018_sync/velodyne_points/data/0000000020.bin,2011_09_30/2011_09_30_drive_0018_sync/velodyne_points/data/0000000000.bin,alice_lri,4000,64,126315,126315,12,1.023107462000553,0.9650484640005743,0.00021037353226804558,0.00025526069900885573,0.0001898192605031402,0.00047095504768153364,0.0007524764191855778,0.00021039424557104603,0.00025529926139072326,0.00018988781132608527,0.0004710822610109055,0.0007574701796319513,0.0002103838889195458,0.00025527998092793964,0.00018985624602165253,0.0004709933094742902,0.0007574701796319513
kitti,24384,2011_09_30/2011_09_30_drive_0018_sync/velodyne_points/data/0000000020.bin,2011_09_30/2011_09_30_drive_0018_sync/velodyne_points/data/0000000000.bin,pbea_native,4000,64,126315,116911,12,0.9544313359992884,0.9487596339995434,0.015839336493622753,0.023539383736040684,0.011172663958469803,0.04722943291451865,0.2701704577446551,0.01981942802030543,0.0456377579529837,0.011938354624383333,0.05902073715573104,3.738418782230544,0.01790632464946515,0.036715206112718994,0.011553145209200406,0.053300032671169964,3.738418782230544
kitti,25053,2011_09_30/2011_09_30_drive_0018_sync/velodyne_points/data/0000000021.bin,2011_09_30/2011_09_30_drive_0018_sync/velodyne_points/data/0000000000.bin,alice_lri,4000,64,126212,126212,12,1.0040133530001185,0.9647692349999488,0.00021036459963243547,0.0002556598003005779,0.0001888755077497348,0.00047305217489534805,0.000792742316670619,0.00021038620489639118,0.0002556741047138042,0.00018893452465662446,0.0004729962522625938,0.0007927160720672803,0.00021037540226441333,0.0002556669526072315,0.00018889786236817924,0.00047300860466314873,0.000792742316670619
kitti,25053,2011_09_30/2011_09_30_drive_0018_sync/velodyne_points/data/0000000021.bin,2011_09_30/2011_09_30_drive_0018_sync/velodyne_points/data/0000000000.bin,pbea_native,4000,64,126212,115035,12,0.9474280360000193,0.9419892980004079,0.016338554071874924,0.024686799937357454,0.011115642791133811,0.04861146920772249,0.2584745344287738,0.020040405770908716,0.044226853317825436,0.012039240050074024,0.059239720918482223,2.2582138792675566,0.01827523351923988,0.03624803222897776,0.011581668521306338,0.05393181409808717,2.2582138792675566
kitti,24731,2011_09_30/2011_09_30_drive_0018_sync/velodyne_points/data/0000000022.bin,2011_09_30/2011_09_30_drive_0018_sync/velodyne_points/data/0000000000.bin,alice_lri,4000,64,126402,126402,12,1.0057059390001086,0.9702588810005182,0.00021059243964577604,0.00025549425127185786,0.0001900217013998995,0.00047095502576801934,0.0007447629558524867,0.0002105830373494196,0.0002554979832968868,0.00019000552347686888,0.0004709838747129058,0.0007447826012369871,0.0002105877384975978,0.00025549611729118655,0.0001900124361515972,0.0004709784740724142,0.0007447826012369871
kitti,24731,2011_09_30/2011_09_30_drive_0018_sync/velodyne_points/data/0000000022.bin,2011_09_30/2011_09_30_drive_0018_sync/velodyne_points/data/0000000000.bin,pbea_native,4000,64,126402,116554,12,0.946411084999454,0.9408949290000237,0.01647691607120271,0.02506919383463032,0.011293800448456098,0.051646973481318234,0.2798767379516654,0.01982123804569618,0.04632745176506734,0.011843626799264342,0.06100771940314097,3.010459284626438,0.018216856579854168,0.03765779216462149,0.011576216288385184,0.056074946601183846,3.010459284626438
kitti,25960,2011_09_30/2011_09_30_drive_0018_sync/velodyne_points/data/0000000023.bin,2011_09_30/2011_09_30_drive_0018_sync/velodyne_points/data/0000000000.bin,alice_lri,4000,64,126494,126494,12,1.0244806020000397,0.9713876760006315,0.00020964025792445613,0.0002546044282801879,0.0001883449204154658,0.0004703200842741595,0.0007551561507326788,0.00020962046934334377,0.00025458625236345376,0.00018823431584337211,0.0004703482998456733,0.0007427178753192092,0.00020963036363389997,0.0002545953404840214,0.00018828401149733053,0.00047032806108864033,0.0007551561507326788
kitti,25960,2011_09_30/2011_09_30_drive_0018_sync/velodyne_points/data/0000000023.bin,2011_09_30/2011_09_30_drive_0018_sync/velodyne_points/data/0000000000.bin,pbea_native,4000,64,126494,116941,12,0.9548211150004136,0.9489710369998647,0.015715413992347733,0.023596783911450207,0.010763745850763255,0.04856794870695847,0.2583782268958011,0.019224074754657507,0.04502007880256244,0.011514643997164283,0.05853313957448953,1.9075273393518142,0.017538588697988303,0.036340763375473324,0.011155304073075422,0.053967196997529734,1.9075273393518142
kitti,24319,2011_09_30/2011_09_30_drive_0018_sync/velodyne_points/data/0000000024.bin,2011_09_30/2011_09_30_drive_0018_sync/velodyne_points/data/0000000000.bin,alice_lri,4000,64,126564,126564,12,0.999776583998937,0.9621711249992586,0.0002091959513382445,0.00025396309928983634,0.00018855209289574473,0.00046860913505233676,0.0007235661842452626,0.00020918043226604533,0.0002539475507118053,0.00018850975213382826,0.0004684942632426824,0.0007239326840736447,0.00020918819180214493,0.0002539553251198173,0.00018852704201298957,0.0004685508017402713,0.0007239326840736447
kitti,24319,2011_09_30/2011_09_30_drive_0018_sync/velodyne_points/data/0000000024.bin,2011_09_30/2011_09_30_drive_0018_sync/velodyne_points/data/0000000000.bin,pbea_native,4000,64,126564,115924,12,0.9474224169998706,0.9418690319998859,0.015588035998998278,0.02374383370443644,0.010728059252321497,0.04633673913635234,0.25290741302461395,0.0193908709737202,0.05561506351467811,0.011576234679069038,0.057286184239885095,5.7281421655542735,0.017572884757455214,0.04340383168755559,0.011176741759249653,0.05216024651328417,5.7281421655542735
kitti,26309,2011_09_30/2011_09_30_drive_0018_sync/velodyne_points/data/0000000025.bin,2011_09_30/2011_09_30_drive_0018_sync/velodyne_points/data/0000000000.bin,alice_lri,4000,64,126663,126663,12,1.0077860649989816,0.971334277999631,0.00020957881252451282,0.0002543556528530973,0.00018897689265625354,0.0004680149688305445,0.0007498162926491936,0.00020961944874160074,0.00025436810026128624,0.00018910212684962075,0.00046807586802904803,0.0007513346100851162,0.0002095991306330568,0.0002543618766333323,0.00018903768964428067,0.0004680582444341067,0.0007513346100851162
kitti,26309,2011_09_30/2011_09_30_drive_0018_sync/velodyne_points/data/0000000025.bin,2011_09_30/2011_09_30_drive_0018_sync/velodyne_points/data/0000000000.bin,pbea_native,4000,64,126663,116992,12,0.9622745609995036,0.9567173129998991,0.015916224608051484,0.024417115833216662,0.010672513010528052,0.04819314564722548,0.2877942405686709,0.019111699538500764,0.0488372308060735,0.011176787015504426,0.057932175802945775,2.735374624495354,0.017577378457204987,0.03906580175578736,0.010928168028073403,0.052800367962343005,2.735374624495354
kitti,23779,2011_09_30/2011_09_30_drive_0018_sync/velodyne_points/data/0000000026.bin,2011_09_30/2011_09_30_drive_0018_sync/velodyne_points/data/0000000000.bin,alice_lri,4000,64,126779,126779,12,1.0243822659995203,0.9808446839997487,0.0002079001482239936,0.0002531068891394578,0.00018572507037460559,0.00046943994790637496,0.0007411957092589328,0.00020786156784489336,0.0002530787520517482,0.00018566585421416835,0.00046928004774729557,0.0007728165887004065,0.0002078808580344435,0.00025309282098661355,0.00018569708602109522,0.00046932852756946894,0.0007728165887004065
kitti,23779,2011_09_30/2011_09_30_drive_0018_sync/velodyne_points/data/0000000026.bin,2011_09_30/2011_09_30_drive_0018_sync/velodyne_points/data/0000000000.bin,pbea_native,4000,64,126779,116782,12,0.9630031930009864,0.957388863000233,0.01555820990459744,0.023811510486957267,0.010198076428303917,0.04757404012953354,0.2670931789955794,0.018765775620005507,0.04399755704932952,0.010780658578795264,0.05767196106518008,2.577397471318347,0.017227820284887056,0.0357697885681828,0.010486444231937753,0.053549151935000684,2.577397471318347
kitti,25089,2011_09_30/2011_09_30_drive_0018_sync/velodyne_points/data/0000000027.bin,2011_09_30/2011_09_30_drive_0018_sync/velodyne_points/data/0000000000.bin,alice_lri,4000,64,126816,126816,12,1.0145830379997278,0.9820550360000198,0.00020669405777001628,0.0002520919048217226,0.00018490162685929221,0.00046924006523220945,0.0008060917150147101,0.0002066697340048667,0.00025208528797482864,0.00018485840899155138,0.00046939018704984076,0.0008060210220169124,0.0002066818958874415,0.0002520885964199856,0.00018487917874237143,0.0004693103328223849,0.0008060917150147101
kitti,25089,2011_09_30/2011_09_30_drive_0018_sync/velodyne_points/data/0000000027.bin,2011_09_30/2011_09_30_drive_0018_sync/velodyne_points/data/0000000000.bin,pbea_native,4000,64,126816,117511,12,0.9641271580003377,0.9584941590001108,0.015285718107345851,0.02363376322778952,0.00975068096009048,0.04932628653874045,0.28205415361959446,0.018597787066487785,0.0505525936505948,0.010439789685785354,0.05778616627719847,3.8148653021957,0.01700482134653981,0.03993854046825467,0.010099576947473675,0.05407954353777548,3.8148653021957
kitti,25160,2011_09_30/2011_09_30_drive_0018_sync/velodyne_points/data/0000000028.bin,2011_09_30/2011_09_30_drive_0018_sync/velodyne_points/data/0000000000.bin,alice_lri,4000,64,126907,126907,12,1.0362615020003432,0.9926926269999967,0.00020607370223882615,0.0002517296539776564,0.00018342340199962935,0.00046853333741074456,0.0007381486948580987,0.0002061447561142276,0.00025180856379391635,0.0001834692059034134,0.00046848211500771265,0.0007381896857078289,0.0002061092291765269,0.0002517691119772891,0.0001834421755957443,0.0004685108919073436,0.0007381896857078289
kitti,25160,2011_09_30/2011_09_30_drive_0018_sync/velodyne_points/data/0000000028.bin,2011_09_30/2011_09_30_drive_0018_sync/velodyne_points/data/0000000000.bin,pbea_native,4000,64,126907,116940,12,0.9803605800007062,0.9748259390007661,0.015082741415415536,0.023492418318060884,0.009631543078363546,0.048232305798534346,0.25948764474298774,0.01807336575497288,0.04175429411749915,0.010287733646428408,0.0577269450201112,2.9890010443331256,0.016639172960852648,0.034234611680393226,0.00995470512579457,0.05320698539314663,2.9890010443331256
kitti,23834,2011_09_30/2011_09_30_drive_0018_sync/velodyne_points/data/0000000029.bin,2011_09_30/2011_09_30_drive_0018_sync/velodyne_points/data/0000000000.bin,alice_lri,4000,64,127025,127025,12,1.058914795000419,1.004244693000146,0.0002055357551391736,0.0002509394897502199,0.0001826146580061694,0.0004677863889320716,0.000752575723958339,0.00020552551722481535,0.0002509281970405092,0.0001827363153135885,0.0004677160399171726,0.000752385928319972,0.00020553063618199447,0.0002509338434588899,0.00018269063554821055,0.0004677364732110666,0.000752575723958339
kitti,23834,2011_09_30/2011_09_30_drive_0018_sync/velodyne_points/data/0000000029.bin,2011_09_30/2011_09_30_drive_0018_sync/velodyne_points/data/0000000000.bin,pbea_native,4000,64,127025,116856,12,0.9854910260000906,0.9797598860004655,0.014943568725241892,0.02332194827154545,0.009530241918327395,0.04699800022210095,0.23631423581343336,0.017813420430447792,0.0366319686315655,0.010229308632699932,0.05782520938709129,1.9276396753979155,0.01643832605711186,0.030976505206020175,0.009876695395846473,0.052492884815426896,1.9276396753979155
kitti,26431,2011_09_30/2011_09_30_drive_0018_sync/velodyne_points/data/0000000030.bin,2011_09_30/2011_09_30_drive_0018_sync/velodyne_points/data/0000000000.bin,alice_lri,4000,64,127145,127145,12,1.0540813210000124,1.0100240040001154,0.00020405731969283641,0.0002498429843252052,0.00018083568798902053,0.0004660667612221207,0.000875877192893616,0.00020406199177350383,0.00024985797739025307,0.00018092628705785249,0.0004660561050920733,0.0008759410832819373,0.0002040596557331701,0.0002498504809701924,0.00018086814603480005,0.0004660620029657053,0.0008759410832819373
kitti,26431,2011_09_30/2011_09_30_drive_0018_sync/velodyne_points/data/0000000030.bin,2011_09_30/2011_09_30_drive_0018_sync/velodyne_points/data/0000000000.bin,pbea_native,4000,64,127145,116686,12,0.991779339000459,0.986384812000324,0.014932098900249595,0.023558285129582454,0.009338115967273176,0.04710045292884951,0.2641080497817554,0.017912208766536503,0.03905826013047735,0.010110488196183813,0.057601263551562386,3.6419983289649807,0.01648606894076556,0.03257431437564267,0.009718393106236305,0.05261360480889404,3.6419983289649807
kitti,24139,2011_09_30/2011_09_30_drive_0018_sync/velodyne_points/data/0000000031.bin,2011_09_30/2011_09_30_drive_0018_sync/velodyne_points/data/0000000000.bin,alice_lri,4000,64,127160,127160,12,1.0508074930003204,1.0086187349998,0.00020274805306956165,0.0002485594069585728,0.0001787294771069627,0.00046621466707672486,0.0007454716191202861,0.00020269001178350923,0.000248506774316231,0.00017854303315392083,0.00046616125410564905,0.0007456104311035138,0.0002027190324265354,0.0002485330920306746,0.00017864811522243495,0.0004661930898212442,0.0007456104311035138
kitti,24139,2011_09_30/2011_09_30_drive_0018_sync/velodyne_points/data/0000000031.bin,2011_09_30/2011_09_30_drive_0018_sync/velodyne_points/data/0000000000.bin,pbea_native,4000,64,127160,116946,12,0.9981707270007973,0.9923331250001866,0.014696651388662104,0.023267407890708514,0.009230603767675087,0.04592886271093688,0.251804385103653,0.01786280040469076,0.04776279173150537,0.010019588160082308,0.05730424833070472,9.284725457532156,0.016345965657374076,0.03804903923988213,0.009629729270890924,0.05168003037979293,9.284725457532156
kitti,26454,2011_09_30/2011_09_30_drive_0018_sync/velodyne_points/data/0000000032.bin,2011_09_30/2011_09_30_drive_0018_sync/velodyne_points/data/0000000000.bin,alice_lri,4000,64,127264,127264,12,1.036087966001105,1.0040027290006037,0.00020089154617173354,0.00024675455989232924,0.00017643062414987343,0.0004647793718659017,0.0008434338754040979,0.00020092251073132366,0.00024680980467639037,0.00017647190034166538,0.0004647421517589963,0.0008436425960072919,0.0002009070284515286,0.00024678218383025047,0.00017645014492101744,0.0004647739599193497,0.0008436425960072919
kitti,26454,2011_09_30/2011_09_30_drive_0018_sync/velodyne_points/data/0000000032.bin,2011_09_30/2011_09_30_drive_0018_sync/velodyne_points/data/0000000000.bin,pbea_native,4000,64,127264,117525,12,0.9900127560003966,0.9843637600006332,0.014481754737999165,0.022599986842949803,0.009249943348691466,0.04478140394949967,0.27731942978019714,0.017740956140540665,0.042065358331673984,0.010064086406290793,0.055822149163741515,1.9406813326690964,0.016176189566741637,0.03413453460630743,0.009675150884310178,0.050097847470337256,1.9406813326690964
kitti,25604,2011_09_30/2011_09_30_drive_0018_sync/velodyne_points/data/0000000033.bin,2011_09_30/2011_09_30_drive_0018_sync/velodyne_points/data/0000000000.bin,alice_lri,4000,64,127335,127335,12,1.0571852790008052,1.00671786500061,0.00020122309539777501,0.00024681886912779517,0.0001763890023083524,0.00046518157823333215,0.0008085399818461955,0.00020122593729431058,0.000246810573005159,0.00017643066409866234,0.0004651987485391241,0.0008084756919817925,0.00020122451634604278,0.000246814721101334,0.00017641382102589174,0.00046518651319801927,0.0008085399818461955
kitti,25604,2011_09_30/2011_09_30_drive_0018_sync/velodyne_points/data/0000000033.bin,2011_09_30/2011_09_30_drive_0018_sync/velodyne_points/data/0000000000.bin,pbea_native,4000,64,127335,117116,12,0.9976806350005063,0.9921743109998715,0.014228239764697594,0.02236374026443306,0.00905923360872967,0.043964840002632025,0.23740501041179907,0.017837547309130026,0.04808334135125954,0.00982975660727152,0.05504035493030021,3.953566020366914,0.016108335064656698,0.037999261987288195,0.009443454584810012,0.049782489138909966,3.953566020366914
kitti,24072,2011_09_30/2011_09_30_drive_0018_sync/velodyne_points/data/0000000034.bin,2011_09_30/2011_09_30_drive_0018_sync/velodyne_points/data/0000000000.bin,alice_lri,4000,64,127351,127351,12,1.0563453120003032,1.002927407000243,0.00020189134430510393,0.00024753548632210125,0.00017729174203151546,0.0004654419672022659,0.0007803132681850799,0.0002019148771136336,0.00024755777585932175,0.00017724370094863225,0.0004654183584618485,0.0007791483362246419,0.00020190311070936875,0.0002475466313415852,0.00017726744379896215,0.00046543249692020523,0.0007803132681850799
kitti,24072,2011_09_30/2011_09_30_drive_0018_sync/velodyne_points/data/0000000034.bin,2011_09_30/2011_09_30_drive_0018_sync/velodyne_points/data/0000000000.bin,pbea_native,4000,64,127351,117231,12,0.983980332000101,0.9782626329997584,0.014104857679430661,0.022253534198431298,0.00893681222865784,0.04449887288190907,0.2418135213637371,0.017262327231856427,0.04329756014532508,0.00967930007604461,0.05503873844656938,3.6271859710447627,0.015748915316423466,0.03483515451031304,0.00929368337702886,0.04960370055535548,3.6271859710447627
kitti,25530,2011_09_30/2011_09_30_drive_0018_sync/velodyne_points/data/0000000035.bin,2011_09_30/2011_09_30_drive_0018_sync/velodyne_points/data/0000000000.bin,alice_lri,4000,64,127361,127361,12,1.053197870999611,1.0110993600001166,0.00020017348426332253,0.00024577884231421647,0.0001756671437475079,0.0004638816855345851,0.000778623688543607,0.0002001598182664091,0.00024574351479843883,0.00017562963796994977,0.00046380267415944927,0.0007786234433128801,0.00020016665126486582,0.0002457611791911072,0.00017563821597514916,0.000463839695566914,0.000778623688543607
kitti,25530,2011_09_30/2011_09_30_drive_0018_sync/velodyne_points/data/0000000035.bin,2011_09_30/2011_09_30_drive_0018_sync/velodyne_points/data/0000000000.bin,pbea_native,4000,64,127361,117170,12,1.0020742649994645,0.9963575080000737,0.014011034630460571,0.02223779419449909,0.008801496328202874,0.04478706104081527,0.21961266141722072,0.01698851659335011,0.03891198738000731,0.00951742279277178,0.05492139235458766,2.13525844331,0.01556181993079294,0.0320246449127486,0.009175070006469778,0.04911633543492426,2.13525844331
kitti,24197,2011_09_30/2011_09_30_drive_0018_sync/velodyne_points/data/0000000036.bin,2011_09_30/2011_09_30_drive_0018_sync/velodyne_points/data/0000000000.bin,alice_lri,4000,64,127276,127276,12,1.0562995370000863,0.9989300870001898,0.0002003245945800543,0.00024587600124518057,0.0001753742407825618,0.0004631281694511233,0.0008098499408215949,0.00020033359536050105,0.0002458934434228256,0.00017540201478156504,0.00046321611701375385,0.0008049024660111378,0.00020032909497027767,0.00024588472248866376,0.00017539214369231013,0.0004631765730612087,0.0008098499408215949
kitti,24197,2011_09_30/2011_09_30_drive_0018_sync/velodyne_points/data/0000000036.bin,2011_09_30/2011_09_30_drive_0018_sync/velodyne_points/data/0000000000.bin,pbea_native,4000,64,127276,117010,12,0.9869472979999045,0.9811709400000836,0.013848795371315004,0.021857111368164386,0.00867134640583015,0.04482511410610728,0.25065511887351105,0.016872913941159588,0.042887119644466905,0.009455850725650562,0.05320935820108597,3.441248218568325,0.015424398210182315,0.03445473650993278,0.009070498198986945,0.049161298897770836,3.441248218568325
kitti,24006,2011_09_30/2011_09_30_drive_0018_sync/velodyne_points/data/0000000037.bin,2011_09_30/2011_09_30_drive_0018_sync/velodyne_points/data/0000000000.bin,alice_lri,4000,64,127214,127214,12,1.0553348980001829,1.0138120920000802,0.00020038917374091812,0.000246167161409958,0.00017564651589372645,0.00046380014038935384,0.0007923675692527154,0.0002003395839313731,0.00024613832077662387,0.00017561881988031007,0.00046370693269628125,0.0007926672388290648,0.0002003643788361456,0.00024615274151568216,0.00017563131193133082,0.00046375439869476224,0.0007926672388290648
kitti,24006,2011_09_30/2011_09_30_drive_0018_sync/velodyne_points/data/0000000037.bin,2011_09_30/2011_09_30_drive_0018_sync/velodyne_points/data/0000000000.bin,pbea_native,4000,64,127214,117316,12,0.9949770050006919,0.9894050050006626,0.014097244957879111,0.023280851491812724,0.008356884039070735,0.0452911887491439,0.2753925982102109,0.016942162635435208,0.04529914794015153,0.009034245747085445,0.05371218211080698,5.553599467155236,0.015577281589100727,0.03643578392644718,0.008693070723319894,0.0495171207223756,5.553599467155236
kitti,26251,2011_09_30/2011_09_30_drive_0018_sync/velodyne_points/data/0000000038.bin,2011_09_30/2011_09_30_drive_0018_sync/velodyne_points/data/0000000000.bin,alice_lri,4000,64,127061,127061,12,1.0606152260006638,1.0189222150002024,0.0002003917035576565,0.00024623325373674163,0.00017524711948274007,0.00046402898900622176,0.0008025530070833408,0.0002003172309546358,0.0002461696860727332,0.00017521402191162581,0.00046402330559332195,0.0008027989919831092,0.00020035446725614616,0.0002462014719563336,0.000175229101466772,0.00046402898422397246,0.0008027989919831092
kitti,26251,2011_09_30/2011_09_30_drive_0018_sync/velodyne_points/data/0000000038.bin,2011_09_30/2011_09_30_drive_0018_sync/velodyne_points/data/0000000000.bin,pbea_native,4000,64,127061,117038,12,1.0030798719999439,0.9974694410002485,0.013896634313744792,0.023001095347435288,0.00819739328486806,0.04413446599465362,0.27846210807171234,0.016540026356648536,0.04009710185477201,0.008875092648075018,0.053208471180237665,2.4790837033864075,0.015272600771466424,0.0330236415821227,0.008533544125684522,0.04824674651679554,2.4790837033864075
kitti,24303,2011_09_30/2011_09_30_drive_0018_sync/velodyne_points/data/0000000039.bin,2011_09_30/2011_09_30_drive_0018_sync/velodyne_points/data/0000000000.bin,alice_lri,4000,64,126842,126842,12,1.052706388999468,1.0117142429999149,0.00019958100144743633,0.0002454483252463628,0.0001746132999991327,0.0004620698226412207,0.001137808368198501,0.00019960621461604676,0.0002454639193849279,0.00017458617880956087,0.00046214385217600065,0.001138142030311431,0.00019959360803174152,0.00024545612243948484,0.00017459352947163647,0.00046213382377642147,0.001138142030311431
kitti,24303,2011_09_30/2011_09_30_drive_0018_sync/velodyne_points/data/0000000039.bin,2011_09_30/2011_09_30_drive_0018_sync/velodyne_points/data/0000000000.bin,pbea_native,4000,64,126842,116591,12,0.9981412000006458,0.9925610549998964,0.013663648693895527,0.02264964868004637,0.00812852267129158,0.04524199605064039,0.26144597058349256,0.016279170700123236,0.0358517120843858,0.00883384852841422,0.05267500621413294,3.8587994987798515,0.015026479708235962,0.03025619888276183,0.00848549755150147,0.04941783088871479,3.8587994987798515
kitti,26026,2011_09_30/2011_09_30_drive_0018_sync/velodyne_points/data/0000000040.bin,2011_09_30/2011_09_30_drive_0018_sync/velodyne_points/data/0000000000.bin,alice_lri,4000,64,126362,126362,12,1.0517152439997517,1.007831120999981,0.00020085185290210787,0.00024687789714784397,0.00017624842712318442,0.00046534934767271125,0.0011433427516176521,0.00020090443892691062,0.0002469336218182042,0.0001762363622749573,0.0004652132397776566,0.0011430719028315626,0.00020087814591450925,0.00024690576105510106,0.0001762425387483502,0.0004652817659933978,0.0011433427516176521
kitti,26026,2011_09_30/2011_09_30_drive_0018_sync/velodyne_points/data/0000000040.bin,2011_09_30/2011_09_30_drive_0018_sync/velodyne_points/data/0000000000.bin,pbea_native,4000,64,126362,116245,12,0.9952746799999659,0.9897579099997529,0.013964111226597577,0.022871520311907905,0.008424235004701769,0.04338028588181188,0.2611350386309667,0.01706734204361891,0.045654082462746305,0.009162716325988893,0.0539363718833979,5.817607624162818,0.015580430840213216,0.03655478842754003,0.008807956631247747,0.048862961812659256,5.817607624162818
kitti,25535,2011_09_30/2011_09_30_drive_0018_sync/velodyne_points/data/0000000041.bin,2011_09_30/2011_09_30_drive_0018_sync/velodyne_points/data/0000000000.bin,alice_lri,4000,64,125998,125998,12,1.0621058679998896,1.0198243799995907,0.00020171111130639358,0.0002475221341272437,0.00017701036154892433,0.00046555752660475835,0.0012923468836914891,0.00020172274839030583,0.00024753708747193316,0.00017707279737449503,0.0004655252401200868,0.0012923731470723579,0.0002017169298483497,0.0002475296109125055,0.00017703634542783016,0.00046555482681827896,0.0012923731470723579
kitti,25535,2011_09_30/2011_09_30_drive_0018_sync/velodyne_points/data/0000000041.bin,2011_09_30/2011_09_30_drive_0018_sync/velodyne_points/data/0000000000.bin,pbea_native,4000,64,125998,115802,12,0.9950006879998909,0.9894030790001125,0.014002412681650523,0.022946270537627017,0.00853708203195179,0.04345577992195374,0.2531127514197817,0.01764016703381843,0.06002187012252147,0.009242182784435025,0.053669131430524195,5.839370942245694,0.01589798659754983,0.046145780460379315,0.008869274087122587,0.048571216393968726,5.839370942245694
kitti,24848,2011_09_30/2011_09_30_drive_0018_sync/velodyne_points/data/0000000042.bin,2011_09_30/2011_09_30_drive_0018_sync/velodyne_points/data/0000000000.bin,alice_lri,4000,64,125348,125348,12,1.0418530550005016,0.9967540580000787,0.0002003867896319884,0.000246008092296235,0.00017558448466909547,0.00046340962957342044,0.0012295588228665784,0.00020030746020334033,0.00024592004177137884,0.0001755939150376806,0.0004633675516960853,0.001229714860453287,0.00020034712491766437,0.00024596407097386155,0.00017559007870134133,0.00046338269957609066,0.001229714860453287
kitti,24848,2011_09_30/2011_09_30_drive_0018_sync/velodyne_points/data/0000000042.bin,2011_09_30/2011_09_30_drive_0018_sync/velodyne_points/data/0000000000.bin,pbea_native,4000,64,125348,115305,12,0.9807799999998679,0.9751738420000038,0.013756254788364931,0.02192370844061916,0.008696812995718011,0.043706148937483376,0.2591051268473839,0.01695655136314036,0.041836986350316005,0.009495530195602033,0.05478725290387321,3.99542717884794,0.015423180922902834,0.03379326303847959,0.00910895601628586,0.04974391148519089,3.99542717884794
kitti,25905,2011_09_30/2011_09_30_drive_0018_sync/velodyne_points/data/0000000043.bin,2011_09_30/2011_09_30_drive_0018_sync/velodyne_points/data/0000000000.bin,alice_lri,4000,64,124559,124559,12,1.0302518560001772,0.9889010449996931,0.00020006253597702208,0.0002458633100017884,0.00017549488538930505,0.00046342663509545406,0.001095048108332168,0.00020003372515146154,0.0002458555166109156,0.00017534722648636448,0.0004633791047261188,0.0010951430412664452,0.0002000481305642418,0.0002458594133372319,0.00017543472620906844,0.00046338672785342145,0.0010951430412664452
kitti,25905,2011_09_30/2011_09_30_drive_0018_sync/velodyne_points/data/0000000043.bin,2011_09_30/2011_09_30_drive_0018_sync/velodyne_points/data/0000000000.bin,pbea_native,4000,64,124559,114900,12,0.9751253690001249,0.9695905379994656,0.013971964689885983,0.022210667502048184,0.008956754761653675,0.04557386522727083,0.25038352490328025,0.01680023559115683,0.03748202616763317,0.009704970060635802,0.054463607472305116,1.6698628745451067,0.015443141781544241,0.03110455403676581,0.00933292893351823,0.0494040369934497,1.6698628745451067
kitti,24999,2011_09_30/2011_09_30_drive_0018_sync/velodyne_points/data/0000000044.bin,2011_09_30/2011_09_30_drive_0018_sync/velodyne_points/data/0000000000.bin,alice_lri,4000,64,124069,124069,12,1.0355840359998183,0.9908356870000716,0.00019835834355097227,0.0002445973325769623,0.00017259585677798298,0.00046295721625595195,0.0009290782542218965,0.00019836168845905944,0.0002445930398673022,0.00017266572932862442,0.0004629776510839039,0.0009290505930647611,0.00019836001600501585,0.00024459518623154956,0.00017262258900132546,0.0004629756099717256,0.0009290782542218965
kitti,24999,2011_09_30/2011_09_30_drive_0018_sync/velodyne_points/data/0000000044.bin,2011_09_30/2011_09_30_drive_0018_sync/velodyne_points/data/0000000000.bin,pbea_native,4000,64,124069,113654,12,0.964126942000803,0.9583650980002858,0.013418088174134438,0.021614319315285103,0.008459620458711372,0.04077433230718772,0.254486086751423,0.01737007129360874,0.053709780514991826,0.009238420772922256,0.053695038627048094,4.7438462876414915,0.015480650877995893,0.04158026163656268,0.008850759220300871,0.04761153130981448,4.7438462876414915
kitti,24304,2011_09_30/2011_09_30_drive_0018_sync/velodyne_points/data/0000000045.bin,2011_09_30/2011_09_30_drive_0018_sync/velodyne_points/data/0000000000.bin,alice_lri,4000,64,123174,123174,12,0.9949041320005563,0.9630863330003194,0.00019720873492896785,0.00024354288555998688,0.00017036032970214654,0.0004633380974385178,0.0009384672960447298,0.00019718451915583363,0.00024352189633464525,0.00017037183258124402,0.0004632741954671125,0.0009384750023855403,0.00019719662704240074,0.00024353239117343975,0.00017036737685113194,0.00046328283840217074,0.0009384750023855403
kitti,24304,2011_09_30/2011_09_30_drive_0018_sync/velodyne_points/data/0000000045.bin,2011_09_30/2011_09_30_drive_0018_sync/velodyne_points/data/0000000000.bin,pbea_native,4000,64,123174,112760,12,0.9551302019999639,0.9493525679999948,0.013348982993405365,0.021534339620081753,0.008541763311932103,0.040584407566943675,0.24151417723275453,0.016493168971253656,0.03858522093006827,0.009379989735920517,0.05267512744937913,3.107036537312056,0.014990467322223956,0.031605332182826185,0.008960878960089323,0.045723627396384504,3.107036537312056
kitti,24775,2011_09_30/2011_09_30_drive_0018_sync/velodyne_points/data/0000000046.bin,2011_09_30/2011_09_30_drive_0018_sync/velodyne_points/data/0000000000.bin,alice_lri,4000,64,122343,122343,12,1.0242757779988096,0.9878815569991275,0.00019659367508791545,0.00024317571177826265,0.00016949364219374325,0.00046342128874108713,0.000990917024805068,0.0001966112561732493,0.00024318839686105506,0.00016960674641928428,0.0004632292264759931,0.0009908807346183995,0.0001966024656305824,0.0002431820544023702,0.00016954736040648496,0.0004633506079476823,0.000990917024805068
kitti,24775,2011_09_30/2011_09_30_drive_0018_sync/velodyne_points/data/0000000046.bin,2011_09_30/2011_09_30_drive_0018_sync/velodyne_points/data/0000000000.bin,pbea_native,4000,64,122343,111883,12,0.9537274130007063,0.948316378000527,0.013498150974132378,0.022156499544918697,0.00843338629092231,0.04213603161723736,0.2964493773069961,0.016733146446824027,0.04411294854292246,0.009236824537946416,0.052387349875788365,2.4951109246572907,0.015187882477533,0.035368358415731174,0.00883555827770506,0.04745036971786853,2.4951109246572907
kitti,26274,2011_09_30/2011_09_30_drive_0018_sync/velodyne_points/data/0000000047.bin,2011_09_30/2011_09_30_drive_0018_sync/velodyne_points/data/0000000000.bin,alice_lri,4000,64,121987,121987,12,1.0302202330003638,0.9829787660000875,0.00019643495311731944,0.00024309386002258288,0.00016982676930527469,0.00046287469436682375,0.0007709951714575998,0.00019639982000857042,0.00024305994170579804,0.00016988169299398705,0.00046275833809214165,0.000771942580894059,0.00019641738656294493,0.00024307690145579963,0.00016985138858765868,0.0004628162270609226,0.000771942580894059
kitti,26274,2011_09_30/2011_09_30_drive_0018_sync/velodyne_points/data/0000000047.bin,2011_09_30/2011_09_30_drive_0018_sync/velodyne_points/data/0000000000.bin,pbea_native,4000,64,121987,112787,12,0.9576065970004493,0.9521724100004576,0.012885886603688002,0.020774114244419013,0.007909303218083433,0.039596941313985924,0.2393113796087289,0.01592900718770849,0.03966583026186854,0.0086586416556279,0.05108076678447449,4.195936047732019,0.014467071703754053,0.032013167268633215,0.008280346766194024,0.045211247451056986,4.195936047732019
kitti,25041,2011_09_30/2011_09_30_drive_0018_sync/velodyne_points/data/0000000048.bin,2011_09_30/2011_09_30_drive_0018_sync/velodyne_points/data/0000000000.bin,alice_lri,4000,64,121559,121559,12,1.0217405610010246,0.9856012750005902,0.00019643019312888142,0.0002430569575599081,0.00017045661584628362,0.0004607666516816249,0.0010693737841754175,0.00019638699360084787,0.0002430194443785475,0.00017038724500306393,0.00046081357431484885,0.001069493602984959,0.00019640859336486462,0.00024303820169300228,0.00017042843097093394,0.0004607869596522189,0.001069493602984959
kitti,25041,2011_09_30/2011_09_30_drive_0018_sync/velodyne_points/data/0000000048.bin,2011_09_30/2011_09_30_drive_0018_sync/velodyne_points/data/0000000000.bin,pbea_native,4000,64,121559,111289,12,0.9497118589997626,0.9442669109994313,0.013111183844313139,0.02097225914377704,0.008239398934684235,0.04084872309729089,0.2151694098882669,0.015878870292406356,0.031161518057901814,0.009104930764286614,0.052215750812019214,1.9673189446113672,0.014556062893923888,0.026779704845950263,0.008673673743843181,0.0462183157807587,1.9673189446113672
kitti,25365,2011_09_30/2011_09_30_drive_0018_sync/velodyne_points/data/0000000049.bin,2011_09_30/2011_09_30_drive_0018_sync/velodyne_points/data/0000000000.bin,alice_lri,4000,64,121895,121895,12,1.0219473390006897,0.9897283450000032,0.0001970290597491472,0.00024359659349032696,0.00017119175374224126,0.0004622657377413264,0.0009403004836640639,0.0001970075231260166,0.0002435675332568972,0.00017111426573479868,0.0004623052067432485,0.0008724388010789365,0.00019701829143758186,0.00024358206380698612,0.0001711520975715996,0.0004622776904289516,0.0009403004836640639
kitti,25365,2011_09_30/2011_09_30_drive_0018_sync/velodyne_points/data/0000000049.bin,2011_09_30/2011_09_30_drive_0018_sync/velodyne_points/data/0000000000.bin,pbea_native,4000,64,121895,112121,12,0.948907118000534,0.9435585520004679,0.013586089302119318,0.022203706464205258,0.008328326497319117,0.04285653390727068,0.28909675341737856,0.016095240982271074,0.03412356450625076,0.008975895093658369,0.052355878088383,2.2257367911386865,0.014893064227133412,0.029029852958199,0.008653126991810249,0.04755219514749628,2.2257367911386865
kitti,24340,2011_09_30/2011_09_30_drive_0018_sync/velodyne_points/data/0000000050.bin,2011_09_30/2011_09_30_drive_0018_sync/velodyne_points/data/0000000000.bin,alice_lri,4000,64,122107,122107,12,1.0401065939995533,0.9918324689997462,0.00019597144339612269,0.00024260575012542094,0.0001697590959362743,0.00046243878030831055,0.0009194335757936581,0.00019596884048183783,0.00024259063274985047,0.00016985414392489456,0.0004621943923460434,0.0009194234172920384,0.00019597014193898025,0.00024259819155538956,0.0001698102644146327,0.0004622898047768359,0.0009194335757936581
kitti,24340,2011_09_30/2011_09_30_drive_0018_sync/velodyne_points/data/0000000050.bin,2011_09_30/2011_09_30_drive_0018_sync/velodyne_points/data/0000000000.bin,pbea_native,4000,64,122107,111817,12,0.9590545740011294,0.9536260880004193,0.013020294097617475,0.020944835388526473,0.008454652485011845,0.040515812374707076,0.26672655202517,0.016079282635255505,0.03785926060281355,0.009209271337010936,0.051506411841421525,4.118134737313184,0.01461706874821069,0.030949656693646552,0.008829672072385475,0.046268024270239086,4.118134737313184
kitti,26210,2011_09_30/2011_09_30_drive_0018_sync/velodyne_points/data/0000000051.bin,2011_09_30/2011_09_30_drive_0018_sync/velodyne_points/data/0000000000.bin,alice_lri,4000,64,122225,122225,12,1.0366105140010404,0.9934579890004898,0.00019510277965908502,0.00024174533698695136,0.0001682430540765939,0.00046106384570472934,0.0008035092038243895,0.00019514447579190635,0.000241782517784673,0.00016819522619123675,0.0004610362217381984,0.0008031152647702706,0.00019512362772549567,0.00024176392810056508,0.00016822484112138475,0.000461048554244425,0.0008035092038243895
kitti,26210,2011_09_30/2011_09_30_drive_0018_sync/velodyne_points/data/0000000051.bin,2011_09_30/2011_09_30_drive_0018_sync/velodyne_points/data/0000000000.bin,pbea_native,4000,64,122225,111641,12,0.9669515229998069,0.9615089720000469,0.013156324102530878,0.021938083134959204,0.008162617996663447,0.040619500735871526,0.24921075471211712,0.016233153724406826,0.04165790642744169,0.008845344466797092,0.050999547892935045,4.1994108930182135,0.014764362468662714,0.03371510896202615,0.008506739519174387,0.04532395852757329,4.1994108930182135
kitti,25442,2011_09_30/2011_09_30_drive_0018_sync/velodyne_points/data/0000000052.bin,2011_09_30/2011_09_30_drive_0018_sync/velodyne_points/data/0000000000.bin,alice_lri,4000,64,121972,121972,12,1.0381382580007994,0.998472760000368,0.000194701553069201,0.00024123234860563427,0.00016760268828138613,0.0004598406164238929,0.0008280319340492567,0.000194723328191634,0.00024126319502849002,0.0001677042526944949,0.0004600256245097283,0.000828048027896925,0.0001947124406304175,0.00024124777231007282,0.00016764657033272644,0.00045993298475341984,0.000828048027896925
kitti,25442,2011_09_30/2011_09_30_drive_0018_sync/velodyne_points/data/0000000052.bin,2011_09_30/2011_09_30_drive_0018_sync/velodyne_points/data/0000000000.bin,pbea_native,4000,64,121972,111430,12,0.9530995630002508,0.9476834990000498,0.012828956273729847,0.02136529623797551,0.007940752290313819,0.03949839228907954,0.2814375638773948,0.016167174637194838,0.04387257875043777,0.008678518549068521,0.04988412156792138,2.8270400982102033,0.014573453622632394,0.03498284264683113,0.008323865651748877,0.044499890016498664,2.8270400982102033
kitti,26254,2011_09_30/2011_09_30_drive_0018_sync/velodyne_points/data/0000000053.bin,2011_09_30/2011_09_30_drive_0018_sync/velodyne_points/data/0000000000.bin,alice_lri,4000,64,121807,121807,12,1.0375014690007447,0.9869799420002892,0.00019505522263212237,0.00024101957543811294,0.00016887784075779688,0.0004588500610089879,0.0014889291971761712,0.00019506150450628655,0.00024103589815870053,0.00016886001528128327,0.00045887846967710214,0.0014889873346464045,0.00019505836356920443,0.0002410277369365813,0.00016886461880427056,0.00045886679639286067,0.0014889873346464045
kitti,26254,2011_09_30/2011_09_30_drive_0018_sync/velodyne_points/data/0000000053.bin,2011_09_30/2011_09_30_drive_0018_sync/velodyne_points/data/0000000000.bin,pbea_native,4000,64,121807,111639,12,0.9544196079996254,0.948909034999815,0.012995065784271807,0.021702869593314394,0.008295180836219817,0.04042698360866889,0.29233268662964135,0.015804045930392533,0.045140039892227986,0.00905444794466802,0.0500182017223969,7.719069054680929,0.01446072998352357,0.035894798586865534,0.008694052452573549,0.0452212601766545,7.719069054680929
kitti,24818,2011_09_30/2011_09_30_drive_0018_sync/velodyne_points/data/0000000054.bin,2011_09_30/2011_09_30_drive_0018_sync/velodyne_points/data/0000000000.bin,alice_lri,4000,64,121697,121697,12,1.031090708001102,0.9875252360006925,0.00019586959376813892,0.00024186395203454252,0.00016994530236314826,0.0004601818667899819,0.0012326318871017394,0.0001958524695638971,0.00024185597987776857,0.0001699509870499888,0.00046015440115027364,0.0012326472329731361,0.00019586103166601798,0.00024185996598900269,0.0001699494189168259,0.0004601771522995555,0.0012326472329731361
kitti,24818,2011_09_30/2011_09_30_drive_0018_sync/velodyne_points/data/0000000054.bin,2011_09_30/2011_09_30_drive_0018_sync/velodyne_points/data/0000000000.bin,pbea_native,4000,64,121697,111838,12,0.9646821739997904,0.9593739940000887,0.013004481354851952,0.021381841075688173,0.00840475643483396,0.040460896667740144,0.2906605098427374,0.015810638934433133,0.0426319949445343,0.00908519227547929,0.048864531259436295,5.575029331199525,0.014466793038164052,0.03414745387439375,0.008744416016272766,0.04512493234699627,5.575029331199525
kitti,25286,2011_09_30/2011_09_30_drive_0018_sync/velodyne_points/data/0000000055.bin,2011_09_30/2011_09_30_drive_0018_sync/velodyne_points/data/0000000000.bin,alice_lri,4000,64,122084,122084,12,1.0284939049997774,0.9875071209999078,0.0001955514775226859,0.00024162479812565995,0.00016920976294088882,0.0004602580824301369,0.0009592669910430993,0.000195581358537707,0.0002416468110144062,0.00016924276949452426,0.0004599658452314164,0.0009592481164084599,0.00019556641803019641,0.00024163580482070335,0.00016922390092850089,0.0004601216533697882,0.0009592669910430993
kitti,25286,2011_09_30/2011_09_30_drive_0018_sync/velodyne_points/data/0000000055.bin,2011_09_30/2011_09_30_drive_0018_sync/velodyne_points/data/0000000000.bin,pbea_native,4000,64,122084,112129,12,0.9562883270009479,0.9510042600004454,0.012691847437096565,0.02015057302307836,0.008490109075180134,0.03717712279660976,0.25729123470558857,0.015768780400447567,0.04455885632228751,0.009177527501260663,0.047376314151926835,5.685895246124971,0.014295704968052336,0.035061874722067045,0.008847496395143267,0.04334825125584443,5.685895246124971
kitti,24324,2011_09_30/2011_09_30_drive_0018_sync/velodyne_points/data/0000000056.bin,2011_09_30/2011_09_30_drive_0018_sync/velodyne_points/data/0000000000.bin,alice_lri,4000,64,122591,122591,12,1.0389354139997522,0.9906528589999652,0.00019537067778888849,0.0002413983766990483,0.00016879495949781662,0.0004602086674276988,0.0008065943445899603,0.0001953477946492975,0.0002413625023370404,0.00016894198216862324,0.00046007975917440575,0.0008065547974539682,0.00019535923621909302,0.0002413804401845078,0.00016886000906568788,0.00046014684183593054,0.0008065943445899603
kitti,24324,2011_09_30/2011_09_30_drive_0018_sync/velodyne_points/data/0000000056.bin,2011_09_30/2011_09_30_drive_0018_sync/velodyne_points/data/0000000000.bin,pbea_native,4000,64,122591,112258,12,0.9613725909994173,0.9558969549998437,0.012913021498876869,0.02095144292940909,0.008103753568458822,0.039679430277477626,0.2781078484473401,0.016013839371345477,0.04550266087589182,0.0088133242448653,0.04869424476519886,3.5238609507086904,0.014531646078090743,0.03592519950265228,0.008452361352082757,0.04437699793776922,3.5238609507086904
kitti,24724,2011_09_30/2011_09_30_drive_0018_sync/velodyne_points/data/0000000057.bin,2011_09_30/2011_09_30_drive_0018_sync/velodyne_points/data/0000000000.bin,alice_lri,4000,64,122953,122953,12,1.0126428600005966,0.9629335210001955,0.00019563565843470698,0.0002416789246755898,0.0001690796595380151,0.00045983789221363495,0.0018300526930641312,0.0001956358482684542,0.00024166580537338597,0.00016916266026382765,0.0004598682850642255,0.0018300753821342741,0.00019563575335158057,0.00024167236511351135,0.00016911637588842114,0.0004598592090160989,0.0018300753821342741
kitti,24724,2011_09_30/2011_09_30_drive_0018_sync/velodyne_points/data/0000000057.bin,2011_09_30/2011_09_30_drive_0018_sync/velodyne_points/data/0000000000.bin,pbea_native,4000,64,122953,112930,12,0.94754199199906,0.9421722029992452,0.01249388423186316,0.01988807238971276,0.008148517485415303,0.03847691846421235,0.24703657886783073,0.01603282089741354,0.04205293825262047,0.008935599192939755,0.04798135374256284,2.649535049533898,0.014338539759558736,0.03333408234475742,0.008546555126273732,0.04363592304046819,2.649535049533898
kitti,25660,2011_09_30/2011_09_30_drive_0018_sync/velodyne_points/data/0000000058.bin,2011_09_30/2011_09_30_drive_0018_sync/velodyne_points/data/0000000000.bin,alice_lri,4000,64,122885,122885,12,1.003148847000375,0.9549226130002353,0.00019651423451336308,0.00024228982674874617,0.00017095135649030543,0.0004605781586905646,0.0007499169472104442,0.00019651385198868223,0.00024229337996943537,0.00017096801165015132,0.00046052113945182485,0.0007489622233577858,0.00019651404325102265,0.0002422916033656043,0.00017095294601810455,0.00046055079733464004,0.0007499169472104442
kitti,25660,2011_09_30/2011_09_30_drive_0018_sync/velodyne_points/data/0000000058.bin,2011_09_30/2011_09_30_drive_0018_sync/velodyne_points/data/0000000000.bin,pbea_native,4000,64,122885,114331,12,0.9479086630008169,0.9424389880005037,0.012160331866725481,0.019709788706217004,0.007589995352724659,0.03685212836236719,0.2729875726166786,0.015558837712639946,0.04537719124403723,0.008207857361035012,0.0465066823324473,2.7598799312660702,0.01392085978590125,0.035410503551063094,0.007899692774617823,0.04065465637841899,2.7598799312660702
kitti,25911,2011_09_30/2011_09_30_drive_0018_sync/velodyne_points/data/0000000059.bin,2011_09_30/2011_09_30_drive_0018_sync/velodyne_points/data/0000000000.bin,alice_lri,4000,64,122618,122618,12,1.0252335779996429,0.9839300069997989,0.00019720175894082938,0.00024288327551260074,0.00017190863849345458,0.0004609683736075416,0.0007687372540563039,0.00019721005323523414,0.00024289166103843202,0.00017206062140629304,0.000460945439261899,0.0007689687566299933,0.00019720590608803175,0.00024288746831170447,0.00017199424951703856,0.00046095022035983054,0.0007689687566299933
kitti,25911,2011_09_30/2011_09_30_drive_0018_sync/velodyne_points/data/0000000059.bin,2011_09_30/2011_09_30_drive_0018_sync/velodyne_points/data/0000000000.bin,pbea_native,4000,64,122618,112859,12,0.9511853109997901,0.9457287370005361,0.012396715672835219,0.02003065197802666,0.007951187846378478,0.03885371061545625,0.25311123789807916,0.015491233176582384,0.03895883084655565,0.008668555945734586,0.047027232295876215,3.6393963027183074,0.014008098301603506,0.031347183770741735,0.008320519057621536,0.042627589131025594,3.6393963027183074
kitti,24891,2011_09_30/2011_09_30_drive_0018_sync/velodyne_points/data/0000000060.bin,2011_09_30/2011_09_30_drive_0018_sync/velodyne_points/data/0000000000.bin,alice_lri,4000,64,122402,122402,12,1.0323365519998333,0.984954554000069,0.0001978244324800926,0.00024353089320114244,0.00017274245356427303,0.00046115712913627645,0.0007536967602096051,0.0001978265965286825,0.00024351123836205041,0.00017269894439408148,0.0004611084840861731,0.0007460620940579552,0.00019782551450438755,0.00024352106597989176,0.00017271706572138642,0.0004611281048700374,0.0007536967602096051
kitti,24891,2011_09_30/2011_09_30_drive_0018_sync/velodyne_points/data/0000000060.bin,2011_09_30/2011_09_30_drive_0018_sync/velodyne_points/data/0000000000.bin,pbea_native,4000,64,122402,112244,12,0.9525471719998677,0.9469108809998943,0.012494154854611361,0.02012575324608118,0.007941331848732596,0.03900830312286732,0.2751128811015716,0.015406828247212208,0.040635809504082895,0.008622152904124124,0.04740293973127462,3.6031878000577655,0.014013537450526609,0.03248280223534929,0.008270221932755506,0.04299138633781692,3.6031878000577655
kitti,24632,2011_09_30/2011_09_30_drive_0018_sync/velodyne_points/data/0000000061.bin,2011_09_30/2011_09_30_drive_0018_sync/velodyne_points/data/0000000000.bin,alice_lri,4000,64,122374,122374,12,1.0300136810001277,0.981038090999391,0.00019761433566336568,0.00024317493056510487,0.0001724477827192035,0.00046021686348707763,0.0007757907868427628,0.0001976104036147697,0.00024318185140768147,0.0001723902183723674,0.00046022247581353407,0.0007758066681114893,0.0001976123696390677,0.00024317839101101402,0.00017241722698688736,0.0004602170849880808,0.0007758066681114893
kitti,24632,2011_09_30/2011_09_30_drive_0018_sync/velodyne_points/data/0000000061.bin,2011_09_30/2011_09_30_drive_0018_sync/velodyne_points/data/0000000000.bin,pbea_native,4000,64,122374,112306,12,0.9455051940003614,0.9400959169997805,0.012479602587845015,0.01971752170538361,0.008385824612892856,0.035955533034736524,0.23271760639548905,0.015611705944506539,0.03723478530651529,0.009125858595292597,0.04924564990536866,3.439687550951583,0.014112839404651294,0.030149709717731725,0.008747298187639287,0.044284643626732796,3.439687550951583
kitti,24529,2011_09_30/2011_09_30_drive_0018_sync/velodyne_points/data/0000000062.bin,2011_09_30/2011_09_30_drive_0018_sync/velodyne_points/data/0000000000.bin,alice_lri,4000,64,123061,123061,12,1.0021381699998528,0.9606185570000889,0.00019793512541929338,0.00024377350083721081,0.00017282727573377074,0.00046151443004104043,0.0008035727973487384,0.00019791547884282087,0.00024377086993992536,0.00017275659197023594,0.0004616604313116931,0.0008037039301021317,0.0001979253021310571,0.00024377218539211733,0.0001727838652804819,0.00046160748908254747,0.0008037039301021317
kitti,24529,2011_09_30/2011_09_30_drive_0018_sync/velodyne_points/data/0000000062.bin,2011_09_30/2011_09_30_drive_0018_sync/velodyne_points/data/0000000000.bin,pbea_native,4000,64,123061,112900,12,0.9436084340004527,0.9381036679997123,0.013009126557598828,0.020662069345555575,0.008450412054553056,0.03558912507730475,0.2677295495772449,0.01634291263384755,0.053744820953340586,0.009178596222740793,0.04898630593401845,9.617115316449773,0.01474779967870462,0.04136077938497329,0.00881147492090026,0.041976475823664136,9.617115316449773
kitti,23707,2011_09_30/2011_09_30_drive_0018_sync/velodyne_points/data/0000000063.bin,2011_09_30/2011_09_30_drive_0018_sync/velodyne_points/data/0000000000.bin,alice_lri,4000,64,123402,123402,12,1.005472739000652,0.9642765819999113,0.00019823893492502262,0.00024388281033264702,0.00017274109003310306,0.0004622022491020037,0.000803835606991181,0.00019825813673721225,0.00024389342285981012,0.0001727619524073266,0.0004621173539570246,0.0008036047945683342,0.00019824853583111742,0.00024388811665395263,0.00017275660722599077,0.00046215148646163356,0.000803835606991181
kitti,23707,2011_09_30/2011_09_30_drive_0018_sync/velodyne_points/data/0000000063.bin,2011_09_30/2011_09_30_drive_0018_sync/velodyne_points/data/0000000000.bin,pbea_native,4000,64,123402,112837,12,0.9467048669994256,0.941025016999447,0.013094924490781357,0.020593825163197004,0.008770446741858267,0.03961895728635057,0.259796929846344,0.01653170749710025,0.04217698874352624,0.009584157660830473,0.05001356984136059,2.281985760869756,0.014890165312769954,0.03364218032070399,0.00916821947832457,0.044560354122600905,2.281985760869756
kitti,24557,2011_09_30/2011_09_30_drive_0018_sync/velodyne_points/data/0000000064.bin,2011_09_30/2011_09_30_drive_0018_sync/velodyne_points/data/0000000000.bin,alice_lri,4000,64,123450,123450,12,1.0140823900001124,0.9724253570002475,0.0001979446432283192,0.00024404021409903364,0.00017220031275969554,0.0004638943987820692,0.0007846180265680166,0.00019800719844533565,0.00024411275783164729,0.00017225465687018907,0.00046412224835052154,0.0007844219647315698,0.00019797592083682742,0.00024407648866049618,0.0001722247906510513,0.0004640125740378999,0.0007846180265680166
kitti,24557,2011_09_30/2011_09_30_drive_0018_sync/velodyne_points/data/0000000064.bin,2011_09_30/2011_09_30_drive_0018_sync/velodyne_points/data/0000000000.bin,pbea_native,4000,64,123450,113671,12,0.9577879669996037,0.9522390789998099,0.013109063154579385,0.020564746474341415,0.008723537609211199,0.03852260682412667,0.23904089644422202,0.015916374904644304,0.036387783661757704,0.009493165659821876,0.048421826192940956,2.5503908685962062,0.014570606567206334,0.02986757449347096,0.009122094279258752,0.04377213072808347,2.5503908685962062
kitti,26093,2011_09_30/2011_09_30_drive_0018_sync/velodyne_points/data/0000000065.bin,2011_09_30/2011_09_30_drive_0018_sync/velodyne_points/data/0000000000.bin,alice_lri,4000,64,123204,123204,12,1.019419657999606,0.9778110319994084,0.00019817113001634963,0.0002438901084699588,0.0001725276432976126,0.00046198487728277667,0.000824112511256251,0.00019816441390244522,0.00024388417617797231,0.00017249690549647626,0.0004620498082096844,0.0008239993074477267,0.0001981677719593974,0.0002438871423420026,0.0001725105932240399,0.0004620043120355037,0.000824112511256251
kitti,26093,2011_09_30/2011_09_30_drive_0018_sync/velodyne_points/data/0000000065.bin,2011_09_30/2011_09_30_drive_0018_sync/velodyne_points/data/0000000000.bin,pbea_native,4000,64,123204,113460,12,0.9534370010005659,0.9479726030003803,0.013012425765979963,0.020314393618332028,0.008636106949481859,0.03933287980033016,0.28143666923623095,0.016097853417567524,0.045890258802641117,0.00932189365201756,0.04950994863663205,4.236150416459551,0.014618656660354239,0.035974331611215514,0.00897850646571798,0.04470912512939926,4.236150416459551
kitti,26218,2011_09_30/2011_09_30_drive_0018_sync/velodyne_points/data/0000000066.bin,2011_09_30/2011_09_30_drive_0018_sync/velodyne_points/data/0000000000.bin,alice_lri,4000,64,122626,122626,12,1.0329137869994156,0.9905597669994677,0.00019750355064653374,0.0002435364105835147,0.00017175910503075857,0.00046223075980357986,0.0007598428385100591,0.00019747350912888598,0.00024351502454830705,0.00017172580731323727,0.0004624076995314876,0.0007669658360321078,0.00019748852988770986,0.00024352571780067176,0.00017174640210325756,0.00046234598340086954,0.0007669658360321078
kitti,26218,2011_09_30/2011_09_30_drive_0018_sync/velodyne_points/data/0000000066.bin,2011_09_30/2011_09_30_drive_0018_sync/velodyne_points/data/0000000000.bin,pbea_native,4000,64,122626,112559,12,0.9591477439998926,0.9535763900003076,0.012747224356009333,0.02012012534782515,0.008060986588507242,0.0367901125294186,0.3003608114604956,0.016184106933145696,0.04662050595797915,0.008752869132053014,0.04846622513214176,3.0090540439282067,0.014539222837646866,0.036427993823089304,0.008404116516653853,0.042805119344433894,3.0090540439282067
kitti,23917,2011_09_30/2011_09_30_drive_0018_sync/velodyne_points/data/0000000067.bin,2011_09_30/2011_09_30_drive_0018_sync/velodyne_points/data/0000000000.bin,alice_lri,4000,64,122188,122188,12,1.0280538390006768,0.9904693260004933,0.00019841030575469326,0.0002444401279786403,0.00017259672605576294,0.0004633328092605481,0.0008141904997412235,0.00019838826016189018,0.00024440879055300765,0.00017271779442315394,0.0004632585758767994,0.0008148363213759584,0.0001983992829582917,0.0002444244597680416,0.00017266715312846937,0.00046328095879665605,0.0008148363213759584
kitti,23917,2011_09_30/2011_09_30_drive_0018_sync/velodyne_points/data/0000000067.bin,2011_09_30/2011_09_30_drive_0018_sync/velodyne_points/data/0000000000.bin,pbea_native,4000,64,122188,111715,12,0.9507921450003778,0.9454089970004134,0.012641177523665616,0.020433512681103404,0.008125971376267176,0.037363202651773966,0.30195126397215144,0.016014050387731966,0.03792362968530597,0.008975356893077352,0.048953232120191224,2.5237374857964707,0.014403124097734948,0.03083367269638115,0.00854849217930511,0.04315028928690333,2.5237374857964707
kitti,26044,2011_09_30/2011_09_30_drive_0018_sync/velodyne_points/data/0000000068.bin,2011_09_30/2011_09_30_drive_0018_sync/velodyne_points/data/0000000000.bin,alice_lri,4000,64,121942,121942,12,1.0237918319999153,0.9846552330000122,0.0001979816081355688,0.0002436642124911472,0.00017244590194934444,0.0004626470813564431,0.000769990954126457,0.00019797801840730755,0.000243680198681529,0.00017231220736410396,0.0004626505250742827,0.0007699024985160544,0.00019797981327143816,0.00024367220571743547,0.00017238181418297239,0.00046265028002959884,0.000769990954126457
kitti,26044,2011_09_30/2011_09_30_drive_0018_sync/velodyne_points/data/0000000068.bin,2011_09_30/2011_09_30_drive_0018_sync/velodyne_points/data/0000000000.bin,pbea_native,4000,64,121942,111377,12,0.9509716820002723,0.9455175660004898,0.01241700946402492,0.019619653942231655,0.008244557591835395,0.037021077718969966,0.27433044671926354,0.01598490021879285,0.03912271611801696,0.00896125606827862,0.049076398588683214,2.5070272395608635,0.014281734301770287,0.03136394901271264,0.008606119004362348,0.04296505674713587,2.5070272395608635
kitti,25968,2011_09_30/2011_09_30_drive_0018_sync/velodyne_points/data/0000000069.bin,2011_09_30/2011_09_30_drive_0018_sync/velodyne_points/data/0000000000.bin,alice_lri,4000,64,121617,121617,12,1.0280402520002099,0.9857355330004793,0.00019822450384295923,0.00024419084068597253,0.00017264112362183303,0.0004628163776005694,0.0007565676443876748,0.00019822647479970066,0.00024420316875216157,0.00017265880497614356,0.00046281531581012045,0.0007568503258820669,0.00019822548932132994,0.00024419700479686346,0.000172645055368024,0.0004628171233565815,0.0007568503258820669
kitti,25968,2011_09_30/2011_09_30_drive_0018_sync/velodyne_points/data/0000000069.bin,2011_09_30/2011_09_30_drive_0018_sync/velodyne_points/data/0000000000.bin,pbea_native,4000,64,121617,111145,12,0.9479090190015995,0.9422707030007587,0.012731443688810762,0.020016583351763085,0.008451241228956024,0.03814337860667793,0.25856037898829815,0.016224738699976655,0.0392041872494419,0.009194816822483229,0.05092103399769837,1.9878515791131801,0.014556673147970598,0.031533747308014885,0.008838572953229673,0.044756028892323246,1.9878515791131801
kitti,25958,2011_09_30/2011_09_30_drive_0018_sync/velodyne_points/data/0000000070.bin,2011_09_30/2011_09_30_drive_0018_sync/velodyne_points/data/0000000000.bin,alice_lri,4000,64,121140,121140,12,1.0173061590012367,0.9766228670005148,0.0001979517354836636,0.00024416779514206476,0.00017225718896624628,0.00046358873298830495,0.0007948724725292179,0.00019794664846467825,0.0002441624624993466,0.00017219171320846468,0.00046350130874404385,0.000795065550287811,0.0001979491919741709,0.00024416512883526404,0.00017223119664582588,0.00046352670307684687,0.000795065550287811
kitti,25958,2011_09_30/2011_09_30_drive_0018_sync/velodyne_points/data/0000000070.bin,2011_09_30/2011_09_30_drive_0018_sync/velodyne_points/data/0000000000.bin,pbea_native,4000,64,121140,110360,12,0.941815934999795,0.9365158849996078,0.012751127387505655,0.01979905988606278,0.008567074916767283,0.03788566562735681,0.259383517646584,0.01643159736633955,0.04353201601949847,0.009291028759263048,0.051515950913100725,5.344902035552861,0.014677054528913594,0.03432950092547744,0.008928984291314165,0.04485881411245324,5.344902035552861
kitti,24098,2011_09_30/2011_09_30_drive_0018_sync/velodyne_points/data/0000000071.bin,2011_09_30/2011_09_30_drive_0018_sync/velodyne_points/data/0000000000.bin,alice_lri,4000,64,120966,120966,12,1.0354308740006672,0.9944149789998846,0.00019900072326248453,0.0002450154532361984,0.00017352825607547042,0.00046397951921952794,0.0007665233497042058,0.00019904756599392409,0.00024505725158697523,0.00017356416586218414,0.00046408070797913903,0.0007657015522874824,0.0001990241446282043,0.0002450363533028332,0.00017355048627760582,0.00046401594404113766,0.0007665233497042058
kitti,24098,2011_09_30/2011_09_30_drive_0018_sync/velodyne_points/data/0000000071.bin,2011_09_30/2011_09_30_drive_0018_sync/velodyne_points/data/0000000000.bin,pbea_native,4000,64,120966,111211,12,0.9585750200003531,0.9531652420000682,0.01288227180872961,0.020301011948363198,0.008244959165541813,0.03977064883547907,0.2669636475479485,0.01592389312823253,0.04138074551205248,0.008904873827493422,0.05029899265788456,4.940066156599796,0.0144669798742787,0.03300853697212282,0.008584392319933767,0.044393239908060926,4.940066156599796
kitti,25793,2011_09_30/2011_09_30_drive_0018_sync/velodyne_points/data/0000000072.bin,2011_09_30/2011_09_30_drive_0018_sync/velodyne_points/data/0000000000.bin,alice_lri,4000,64,121029,121029,12,1.0291075590002947,0.9891179120004381,0.00019789562021720975,0.00024417184042815746,0.00017227105658262183,0.00046324524057410343,0.0008079082765073644,0.00019790818810592342,0.0002441907840579851,0.00017223173884276644,0.0004632047603853546,0.000807975400990137,0.00019790190416156658,0.00024418131242677754,0.00017226473706959838,0.0004632193563049314,0.000807975400990137
kitti,25793,2011_09_30/2011_09_30_drive_0018_sync/velodyne_points/data/0000000072.bin,2011_09_30/2011_09_30_drive_0018_sync/velodyne_points/data/0000000000.bin,pbea_native,4000,64,121029,110340,12,0.9557575810003982,0.9501108080003178,0.012880586630949428,0.02057587395156157,0.00842462161218184,0.03992016852313917,0.27881639416297616,0.016542006738649116,0.055240712866340136,0.009231286574450525,0.04987877777659164,8.43786210403816,0.01479587352856659,0.042404726006495495,0.00884680290618427,0.045190208732554596,8.43786210403816
kitti,25994,2011_09_30/2011_09_30_drive_0018_sync/velodyne_points/data/0000000073.bin,2011_09_30/2011_09_30_drive_0018_sync/velodyne_points/data/0000000000.bin,alice_lri,4000,64,120751,120751,12,1.0207223660008822,0.9776392080002552,0.00019764386398386528,0.0002436623888969356,0.00017157703981880005,0.00046221990816527707,0.0007772083514023192,0.00019766733388693205,0.00024369744900231,0.0001716218991063418,0.0004622268169671269,0.0007775491471221805,0.00019765559893539865,0.00024367991958016867,0.00017160008825101804,0.0004622212550275031,0.0007775491471221805
kitti,25994,2011_09_30/2011_09_30_drive_0018_sync/velodyne_points/data/0000000073.bin,2011_09_30/2011_09_30_drive_0018_sync/velodyne_points/data/0000000000.bin,pbea_native,4000,64,120751,111617,12,0.9579675949999,0.9526173969998126,0.01289063698429723,0.020657304063650652,0.008298251522901392,0.0406534302828743,0.2891289700812072,0.016148611820460845,0.039146466949428235,0.009049440886280553,0.05027654857781651,4.536252372418395,0.014583657191217259,0.031643594669629065,0.008656619614636669,0.04560670503240439,4.536252372418395
kitti,24119,2011_09_30/2011_09_30_drive_0018_sync/velodyne_points/data/0000000074.bin,2011_09_30/2011_09_30_drive_0018_sync/velodyne_points/data/0000000000.bin,alice_lri,4000,64,120547,120547,12,1.0245477230009783,0.9855501970005207,0.00019773162457026634,0.00024351129644312894,0.00017197703623437013,0.00046179924898482916,0.0007554108009055812,0.00019771495303804766,0.00024350269895235152,0.0001719539812905729,0.0004617514897586858,0.0007552013429878399,0.000197723288804157,0.00024350699773568413,0.00017196556603030886,0.0004617601424486647,0.0007554108009055812
kitti,24119,2011_09_30/2011_09_30_drive_0018_sync/velodyne_points/data/0000000074.bin,2011_09_30/2011_09_30_drive_0018_sync/velodyne_points/data/0000000000.bin,pbea_native,4000,64,120547,111498,12,0.9569706859992948,0.9515650699995604,0.012745098031194188,0.020086926556645176,0.008041350816430875,0.03956825300778999,0.2621497646727659,0.015985313641974596,0.037780311167251716,0.008740782263520718,0.049855619893046765,4.372599099455571,0.01442838476968347,0.030584015624941664,0.00839240848466417,0.04533729928571399,4.372599099455571
kitti,25521,2011_09_30/2011_09_30_drive_0018_sync/velodyne_points/data/0000000075.bin,2011_09_30/2011_09_30_drive_0018_sync/velodyne_points/data/0000000000.bin,alice_lri,4000,64,120083,120083,12,1.0286233160004485,0.987689825000416,0.00019886157177360862,0.0002447642619236124,0.00017354575005611866,0.00046155886744219917,0.0007873125595808782,0.00019883825562734157,0.00024473245379517424,0.00017350220432994098,0.0004616500244340256,0.0007874123651184415,0.0001988499137004751,0.0002447483583761266,0.00017352172599932955,0.00046161465489221733,0.0007874123651184415
kitti,25521,2011_09_30/2011_09_30_drive_0018_sync/velodyne_points/data/0000000075.bin,2011_09_30/2011_09_30_drive_0018_sync/velodyne_points/data/0000000000.bin,pbea_native,4000,64,120083,111138,12,0.9632662519998121,0.957841661999737,0.01281388652984777,0.020200888076514063,0.007999849720496154,0.03970186017888476,0.2751082071063035,0.015986391770780987,0.036245136206016534,0.008614858247766744,0.05133298983650858,2.596824535385272,0.014461504812127423,0.029637991448702026,0.008305255762035491,0.04512387333517117,2.596824535385272
kitti,26248,2011_09_30/2011_09_30_drive_0018_sync/velodyne_points/data/0000000076.bin,2011_09_30/2011_09_30_drive_0018_sync/velodyne_points/data/0000000000.bin,alice_lri,4000,64,120458,120458,12,1.009775556999557,0.9786394200000359,0.00019940230008724322,0.0002451955792603008,0.00017430254939158733,0.0004633081000824616,0.0008113010291753286,0.0001993559738634493,0.0002451318927013528,0.00017437835425415497,0.0004632172916243218,0.0008138902064402239,0.00019937913697534626,0.0002451637380488211,0.00017434883652165908,0.0004632750613523238,0.0008138902064402239
kitti,26248,2011_09_30/2011_09_30_drive_0018_sync/velodyne_points/data/0000000076.bin,2011_09_30/2011_09_30_drive_0018_sync/velodyne_points/data/0000000000.bin,pbea_native,4000,64,120458,111401,12,0.956453813000735,0.9510673980003048,0.013011916400189486,0.020818159972025144,0.008120453960097081,0.0404604605164101,0.2753424069921452,0.01626841093535822,0.0438087697303446,0.008757448076520936,0.05106263839781767,4.148847050359024,0.014703767131527734,0.03471774540174094,0.008439311272276196,0.04562704769215887,4.148847050359024
kitti,25710,2011_09_30/2011_09_30_drive_0018_sync/velodyne_points/data/0000000077.bin,2011_09_30/2011_09_30_drive_0018_sync/velodyne_points/data/0000000000.bin,alice_lri,4000,64,120642,120642,12,1.0198065659997155,0.9801401629993052,0.00019843345210074806,0.0002440853365297169,0.00017324448945156372,0.0004609711727041733,0.0007565659931586292,0.00019842269736337198,0.00024407866230455468,0.00017319516639529588,0.00046096833965842505,0.0007572554924867637,0.00019842807473206,0.00024408199943994847,0.00017321088770270884,0.0004609711585516877,0.0007572554924867637
kitti,25710,2011_09_30/2011_09_30_drive_0018_sync/velodyne_points/data/0000000077.bin,2011_09_30/2011_09_30_drive_0018_sync/velodyne_points/data/0000000000.bin,pbea_native,4000,64,120642,111067,12,0.9567669210000531,0.9514515629998641,0.013088353973852256,0.020639414508867714,0.008040870888860723,0.0411319274140138,0.24970009403706472,0.016346441748219444,0.04276020263923511,0.008905538442662102,0.052439995508127224,3.6847724830767388,0.01478471546725651,0.03400275224364149,0.00846419705426891,0.04748064187564749,3.6847724830767388
kitti,25199,2011_09_30/2011_09_30_drive_0018_sync/velodyne_points/data/0000000078.bin,2011_09_30/2011_09_30_drive_0018_sync/velodyne_points/data/0000000000.bin,alice_lri,4000,64,120732,120732,12,1.0264894510000886,0.9854940690001968,0.00019869141642246232,0.00024434909417650783,0.00017351307898538662,0.0004620370868534791,0.0007467699131406145,0.00019870914555024214,0.00024438387487532527,0.00017362175909891453,0.0004621061773638773,0.0007466636487226205,0.00019870028098635225,0.00024436648514470895,0.00017357669739882583,0.0004620539390677884,0.0007467699131406145
kitti,25199,2011_09_30/2011_09_30_drive_0018_sync/velodyne_points/data/0000000078.bin,2011_09_30/2011_09_30_drive_0018_sync/velodyne_points/data/0000000000.bin,pbea_native,4000,64,120732,110923,12,0.9547489459991993,0.9492245159999584,0.013206610244658233,0.020855880089792098,0.008327109870545392,0.04145576879610895,0.26105174556414124,0.016412945007744387,0.038753639901721364,0.0091537761917891,0.051512585387641065,3.491211711834696,0.01487766076641221,0.031480051272444555,0.008745152031760883,0.04720473132470947,3.491211711834696
kitti,24829,2011_09_30/2011_09_30_drive_0018_sync/velodyne_points/data/0000000079.bin,2011_09_30/2011_09_30_drive_0018_sync/velodyne_points/data/0000000000.bin,alice_lri,4000,64,120846,120846,12,1.0224641820004763,0.9807719560003534,0.00019985726130102314,0.0002453153381283325,0.0001754943610275062,0.00046187623855718096,0.0007783433404883913,0.0001999192856577172,0.0002453723723289329,0.00017549805718030528,0.00046173577911108935,0.0007794802831853,0.00019988827347937018,0.00024534385688594954,0.00017549805718030528,0.00046182490270673554,0.0007794802831853
kitti,24829,2011_09_30/2011_09_30_drive_0018_sync/velodyne_points/data/0000000079.bin,2011_09_30/2011_09_30_drive_0018_sync/velodyne_points/data/0000000000.bin,pbea_native,4000,64,120846,111364,12,0.9595644719993288,0.9541709770001034,0.013293158804619946,0.020864162377590582,0.008344256250201857,0.04208699621222843,0.2737990060626733,0.016481464353744434,0.03779755836010894,0.009324720758503012,0.053261600347950494,3.5701188154389008,0.014952406780114101,0.030858795770462855,0.00881411861367485,0.0480008516623034,3.5701188154389008
kitti,26107,2011_09_30/2011_09_30_drive_0018_sync/velodyne_points/data/0000000080.bin,2011_09_30/2011_09_30_drive_0018_sync/velodyne_points/data/0000000000.bin,alice_lri,4000,64,121004,121004,12,1.0273839470000894,0.9768202029999884,0.00019951395436256588,0.0002454614723825197,0.0001744660844994878,0.00046402738473791155,0.000779470548545673,0.0001995391835788028,0.00024546989529297366,0.00017435529429146295,0.0004640238195942401,0.0007876652750546516,0.00019952656897068434,0.0002454656838738747,0.00017441046989246132,0.00046402835268760304,0.0007876652750546516
kitti,26107,2011_09_30/2011_09_30_drive_0018_sync/velodyne_points/data/0000000080.bin,2011_09_30/2011_09_30_drive_0018_sync/velodyne_points/data/0000000000.bin,pbea_native,4000,64,121004,111714,12,0.9587898970003152,0.9532770690002508,0.013213920448610595,0.0204817798912976,0.008445438270445266,0.04107015886009531,0.26212179303805555,0.016865426154809442,0.04275694320366706,0.00918982440168837,0.05238595276657037,3.2852144510985797,0.015112556550987227,0.033940332216922935,0.008828618306257224,0.046764485149653666,3.2852144510985797
kitti,26005,2011_09_30/2011_09_30_drive_0018_sync/velodyne_points/data/0000000081.bin,2011_09_30/2011_09_30_drive_0018_sync/velodyne_points/data/0000000000.bin,alice_lri,4000,64,121107,121107,12,1.0278734159992382,0.9863128629995117,0.00019972067336115367,0.000245499698845808,0.0001742447616733353,0.0004636420079582325,0.0008216702966774363,0.00019975443516566358,0.0002455428103674931,0.00017429557914145193,0.00046362428291448876,0.0008218170661332973,0.00019973755426340865,0.0002455212555529043,0.00017426248463209078,0.0004636319020696455,0.0008218170661332973
kitti,26005,2011_09_30/2011_09_30_drive_0018_sync/velodyne_points/data/0000000081.bin,2011_09_30/2011_09_30_drive_0018_sync/velodyne_points/data/0000000000.bin,pbea_native,4000,64,121107,110989,12,0.9538237249998929,0.9483343229994716,0.013452403408890779,0.02055597779040035,0.008992082184262248,0.04121523450061021,0.2775627587930465,0.017670939803607753,0.06218397924582473,0.009736895309913438,0.05131752296617827,11.51253122934705,0.015653623107442192,0.04711446897800036,0.009364087464264655,0.046605661164203345,11.51253122934705
kitti,24867,2011_09_30/2011_09_30_drive_0018_sync/velodyne_points/data/0000000082.bin,2011_09_30/2011_09_30_drive_0018_sync/velodyne_points/data/0000000000.bin,alice_lri,4000,64,121459,121459,12,1.0288910729996132,0.9874770249998619,0.00020069699525182406,0.000246740982554787,0.00017594201644398127,0.00046549016850825855,0.0007494837010756257,0.00020070562524648842,0.00024677148153830105,0.00017593458914473916,0.0004655757683021424,0.0007652022296528272,0.00020070131024915627,0.000246756232517752,0.00017594016333621665,0.00046553811459551167,0.0007652022296528272
kitti,24867,2011_09_30/2011_09_30_drive_0018_sync/velodyne_points/data/0000000082.bin,2011_09_30/2011_09_30_drive_0018_sync/velodyne_points/data/0000000000.bin,pbea_native,4000,64,121459,110350,12,0.9446548950008946,0.9392686690007395,0.013906869879042584,0.021635805202957673,0.00907085534164409,0.04299229854041206,0.27420928632815333,0.017701523922435,0.04371625735053265,0.010036894850939124,0.05416036417329012,3.3377917962315,0.015895122645140532,0.034988372127370444,0.009537495285235264,0.0484305874743301,3.3377917962315
kitti,24021,2011_09_30/2011_09_30_drive_0018_sync/velodyne_points/data/0000000083.bin,2011_09_30/2011_09_30_drive_0018_sync/velodyne_points/data/0000000000.bin,alice_lri,4000,64,122040,122040,12,1.0218625269999393,0.9831033509999543,0.00020078691880561614,0.00024668543266200146,0.0001758872570175045,0.000464156701948259,0.000788123259040727,0.0002007959044908595,0.0002466795801740383,0.00017593889367699167,0.000464251011159704,0.0007796600786475084,0.00020079141164823782,0.00024668250643537597,0.00017591048561112948,0.00046420900160003677,0.000788123259040727
kitti,24021,2011_09_30/2011_09_30_drive_0018_sync/velodyne_points/data/0000000083.bin,2011_09_30/2011_09_30_drive_0018_sync/velodyne_points/data/0000000000.bin,pbea_native,4000,64,122040,110777,12,0.9456669809997038,0.940375340999708,0.014180995969412222,0.021870519983180785,0.008943859158218735,0.04334302891616577,0.2930315005394703,0.018197785898932745,0.045638299075772416,0.009862674737130254,0.055688327174063974,2.4835573520534853,0.016286551160823004,0.036323522988545895,0.009404417999111089,0.049765513123091874,2.4835573520534853
kitti,25150,2011_09_30/2011_09_30_drive_0018_sync/velodyne_points/data/0000000084.bin,2011_09_30/2011_09_30_drive_0018_sync/velodyne_points/data/0000000000.bin,alice_lri,4000,64,122305,122305,12,1.0358436639999127,0.995062840999708,0.00020165280190287546,0.0002474836303186971,0.000177541595978686,0.0004650710392179865,0.0009964790812441167,0.0002016781834968174,0.00024749437577033587,0.00017762725629864583,0.000465141396138462,0.0009962331277391123,0.00020166549269984643,0.00024748900310283455,0.00017758649785188784,0.000465127433044502,0.0009964790812441167
kitti,25150,2011_09_30/2011_09_30_drive_0018_sync/velodyne_points/data/0000000084.bin,2011_09_30/2011_09_30_drive_0018_sync/velodyne_points/data/0000000000.bin,pbea_native,4000,64,122305,111487,12,0.9592631810000967,0.9538920470004086,0.014322870704679354,0.022107781625762307,0.009178443640107612,0.04425090680413513,0.22884659244257774,0.017737874638668324,0.03752534670477562,0.009950912556874539,0.05596316573050897,2.127566765445806,0.016109382031613214,0.031140391207118444,0.009567311046818176,0.051131044857405605,2.127566765445806
kitti,26390,2011_09_30/2011_09_30_drive_0018_sync/velodyne_points/data/0000000085.bin,2011_09_30/2011_09_30_drive_0018_sync/velodyne_points/data/0000000000.bin,alice_lri,4000,64,122832,122832,12,1.0294195710002896,0.9896666630002073,0.00020106606508261022,0.00024677995447314985,0.00017664198732999606,0.00046396271890246886,0.0007704007353051388,0.00020105102578555349,0.0002467542243106071,0.00017661041545282398,0.00046390159853961594,0.0007703065826661383,0.00020105854543408185,0.00024676708972723585,0.00017662486112884492,0.0004639458851519216,0.0007704007353051388
kitti,26390,2011_09_30/2011_09_30_drive_0018_sync/velodyne_points/data/0000000085.bin,2011_09_30/2011_09_30_drive_0018_sync/velodyne_points/data/0000000000.bin,pbea_native,4000,64,122832,111731,12,0.9575534819996392,0.9521281819997967,0.01402747227621503,0.021697839659983866,0.009025258667803081,0.043333817205726655,0.2875874621580769,0.01772164510485844,0.041785012536703,0.009915693779805217,0.055382083828860194,2.4180277175779836,0.01596197446491456,0.033742655479646076,0.009479628682600803,0.04967549197733931,2.4180277175779836
kitti,25977,2011_09_30/2011_09_30_drive_0018_sync/velodyne_points/data/0000000086.bin,2011_09_30/2011_09_30_drive_0018_sync/velodyne_points/data/0000000000.bin,alice_lri,4000,64,123155,123155,12,1.018369977000475,0.9754102930000954,0.00020091788697021234,0.0002468336194336479,0.00017586428745768292,0.000464449728551953,0.0008478959544628376,0.0002009169905761684,0.00024683169625553194,0.00017577909660409792,0.0004643911376921636,0.0008478866320141642,0.0002009174387731904,0.0002468326578464629,0.00017582382800389513,0.0004644280269270137,0.0008478959544628376
kitti,25977,2011_09_30/2011_09_30_drive_0018_sync/velodyne_points/data/0000000086.bin,2011_09_30/2011_09_30_drive_0018_sync/velodyne_points/data/0000000000.bin,pbea_native,4000,64,123155,112055,12,0.9434393430001364,0.9380351870004233,0.014220248922293073,0.02205353976358498,0.009600530621322885,0.044116416808779174,0.26889324885257004,0.017477383461284295,0.03700454120424038,0.01030958309173553,0.05604325657801397,4.317764689566518,0.01592567132843849,0.030800682167859517,0.009964431804982105,0.05090456353595349,4.317764689566518
kitti,25981,2011_09_30/2011_09_30_drive_0018_sync/velodyne_points/data/0000000087.bin,2011_09_30/2011_09_30_drive_0018_sync/velodyne_points/data/0000000000.bin,alice_lri,4000,64,123400,123400,12,0.9999879290007812,0.9623731790006786,0.0002013730025691377,0.0002472438291296075,0.00017699053814640677,0.0004654047136362006,0.0007763580094070306,0.00020137338933485849,0.00024725790558440333,0.00017696532230634498,0.0004654515420485927,0.0007778129753770379,0.0002013731959519981,0.00024725086745718027,0.00017697792755350008,0.0004654330255170157,0.0007778129753770379
kitti,25981,2011_09_30/2011_09_30_drive_0018_sync/velodyne_points/data/0000000087.bin,2011_09_30/2011_09_30_drive_0018_sync/velodyne_points/data/0000000000.bin,pbea_native,4000,64,123400,112544,12,0.9428314469996621,0.9374242080002659,0.013688632629917598,0.020672107528199087,0.009457663403717958,0.041642027608474394,0.2642102963374276,0.01763808397677372,0.04580578709574026,0.010200855119640712,0.05390429564756647,2.395955693020823,0.015754217244071996,0.036072030520253776,0.009850164033546679,0.04771026994415526,2.395955693020823
kitti,25204,2011_09_30/2011_09_30_drive_0018_sync/velodyne_points/data/0000000088.bin,2011_09_30/2011_09_30_drive_0018_sync/velodyne_points/data/0000000000.bin,alice_lri,4000,64,123470,123470,12,1.0046612189998996,0.9626753399998051,0.0002026606109570982,0.0002484544167735136,0.00017865052226219907,0.00046574016896229264,0.0009498719701774393,0.00020266473650421354,0.0002484731005709915,0.00017867425795193559,0.0004657408325842621,0.0009499044265666456,0.0002026626737306559,0.0002484637588478739,0.00017866046491766922,0.0004657434257985481,0.0009499044265666456
kitti,25204,2011_09_30/2011_09_30_drive_0018_sync/velodyne_points/data/0000000088.bin,2011_09_30/2011_09_30_drive_0018_sync/velodyne_points/data/0000000000.bin,pbea_native,4000,64,123470,112311,12,0.9428529879996859,0.9375200530002985,0.013968466236494673,0.020904378870847312,0.009656086274755388,0.040879624276462675,0.2575853852702696,0.0177204720083277,0.04086141465194118,0.010573740192121622,0.054023073508587996,2.4155401597121515,0.015933256243527573,0.03290127255861291,0.010110873230704844,0.04801560656717269,2.4155401597121515
kitti,26462,2011_09_30/2011_09_30_drive_0018_sync/velodyne_points/data/0000000089.bin,2011_09_30/2011_09_30_drive_0018_sync/velodyne_points/data/0000000000.bin,alice_lri,4000,64,123889,123889,12,1.01757504500074,0.9748466270002609,0.0002038845302516853,0.0002495977463459317,0.00018066608745531134,0.0004664321352773615,0.0010606138999439973,0.0002038692093035873,0.0002495779343289859,0.00018075343099444008,0.0004665213925810298,0.0010607588887436114,0.0002038768697776363,0.00024958784053404087,0.00018072154210127577,0.000466468213564809,0.0010607588887436114
kitti,26462,2011_09_30/2011_09_30_drive_0018_sync/velodyne_points/data/0000000089.bin,2011_09_30/2011_09_30_drive_0018_sync/velodyne_points/data/0000000000.bin,pbea_native,4000,64,123889,112986,12,0.9512894250001409,0.945853260000149,0.014049099020091816,0.021428616525100166,0.009722290121954889,0.04295657533083791,0.2880396932799038,0.017382679342012836,0.03957308306414347,0.01037332198069402,0.05395687963626052,4.121554617827055,0.015792609025379302,0.032219255435978936,0.010046844183179315,0.04766653262418106,4.121554617827055
kitti,24071,2011_09_30/2011_09_30_drive_0018_sync/velodyne_points/data/0000000090.bin,2011_09_30/2011_09_30_drive_0018_sync/velodyne_points/data/0000000000.bin,alice_lri,4000,64,124046,124046,12,1.0095552450002288,0.9764710170002218,0.00020258408879521663,0.0002483127655174631,0.0001778817820577208,0.0004656537876576638,0.0007286921348793912,0.0002025817911524827,0.0002483257790577953,0.0001776945696199857,0.00046572758562435303,0.0007312058146136139,0.00020258293997384966,0.0002483192723728785,0.00017780849685536347,0.0004656876850691618,0.0007312058146136139
kitti,24071,2011_09_30/2011_09_30_drive_0018_sync/velodyne_points/data/0000000090.bin,2011_09_30/2011_09_30_drive_0018_sync/velodyne_points/data/0000000000.bin,pbea_native,4000,64,124046,113512,12,0.9606983370003945,0.9552090990000579,0.013815497339122428,0.020576792022455583,0.009728789322681397,0.04159942843594217,0.2594903368092017,0.017740903432755053,0.05199656018632606,0.010430020047892508,0.053732507874431915,3.5945290377607146,0.015865232242980656,0.04017560765107119,0.010092316973739695,0.04823963747561093,3.5945290377607146
kitti,25284,2011_09_30/2011_09_30_drive_0018_sync/velodyne_points/data/0000000091.bin,2011_09_30/2011_09_30_drive_0018_sync/velodyne_points/data/0000000000.bin,alice_lri,4000,64,124173,124173,12,1.0222488339995834,0.9803442949996679,0.0002025373073166395,0.000248607075842836,0.00017816768286200134,0.0004666149177563006,0.0007391513135082059,0.00020253275507175144,0.00024859945200049184,0.00017818531559975678,0.0004665507316838037,0.00073929345907442,0.00020253503119419547,0.00024860326395088867,0.00017818186400093337,0.0004665802805995091,0.00073929345907442
kitti,25284,2011_09_30/2011_09_30_drive_0018_sync/velodyne_points/data/0000000091.bin,2011_09_30/2011_09_30_drive_0018_sync/velodyne_points/data/0000000000.bin,pbea_native,4000,64,124173,114351,12,0.9610472559998016,0.9555687490001219,0.014044197352857692,0.021128371898658457,0.009730320335486356,0.04224278114246769,0.23810374107715387,0.016929645144841087,0.03634987773874066,0.010382983608856651,0.05205314186953715,2.1191956594249186,0.015546330088657672,0.030031223629072203,0.010055971589180025,0.047447404914473953,2.1191956594249186
kitti,26349,2011_09_30/2011_09_30_drive_0018_sync/velodyne_points/data/0000000092.bin,2011_09_30/2011_09_30_drive_0018_sync/velodyne_points/data/0000000000.bin,alice_lri,4000,64,124532,124532,12,1.027030405000005,0.978726671000004,0.00020100265270977377,0.0002465704454621505,0.0001769003405199113,0.00046293181206855013,0.0007253711953671717,0.00020101128542467138,0.0002466025727765687,0.00017689296673504922,0.00046294254235625787,0.000725332876787346,0.0002010069690672226,0.00024658650964258586,0.00017689854638791493,0.000462935814839897,0.0007253711953671717
kitti,26349,2011_09_30/2011_09_30_drive_0018_sync/velodyne_points/data/0000000092.bin,2011_09_30/2011_09_30_drive_0018_sync/velodyne_points/data/0000000000.bin,pbea_native,4000,64,124532,114494,12,0.9723080120002123,0.9667784729999767,0.013502342007873813,0.020793917372037632,0.00856618531883081,0.04162914037772064,0.20593206340606485,0.017430419738634056,0.05232007609654288,0.00925867300934553,0.053006498050484296,3.504641040443098,0.015548861532808484,0.04041396400485011,0.00892571189618312,0.04671645080602485,3.504641040443098
kitti,25688,2011_09_30/2011_09_30_drive_0018_sync/velodyne_points/data/0000000093.bin,2011_09_30/2011_09_30_drive_0018_sync/velodyne_points/data/0000000000.bin,alice_lri,4000,64,124895,124895,12,1.028201830999933,0.9859482339998067,0.00020159870081225457,0.00024707259059278755,0.00017823571956919297,0.00046414493579463915,0.0007332525442973073,0.00020158283071495224,0.00024705945823486135,0.0001781688121233227,0.0004641614534602302,0.0007332616605962623,0.0002015907657636034,0.00024706602450107787,0.00017819936715004727,0.00046415464404414754,0.0007332616605962623
kitti,25688,2011_09_30/2011_09_30_drive_0018_sync/velodyne_points/data/0000000093.bin,2011_09_30/2011_09_30_drive_0018_sync/velodyne_points/data/0000000000.bin,pbea_native,4000,64,124895,114723,12,0.9708779969987518,0.9652197119994526,0.013616643449272556,0.02109316201649454,0.008669790805024497,0.041612424513544466,0.22761951513376355,0.016761919381671212,0.03559518348342625,0.009387616322276195,0.05295751047618868,2.41825085409108,0.0152560413141113,0.02955365688166345,0.009028873118326071,0.04665606915639751,2.41825085409108
kitti,24259,2011_09_30/2011_09_30_drive_0018_sync/velodyne_points/data/0000000094.bin,2011_09_30/2011_09_30_drive_0018_sync/velodyne_points/data/0000000000.bin,alice_lri,4000,64,125143,125143,12,1.0096772460001375,0.9677784929999689,0.00020070307661278731,0.00024637599050313227,0.00017622459320728516,0.0004622016350848169,0.0007334815786123269,0.00020073041818945256,0.00024639634087807177,0.00017618950923989056,0.00046213350421553466,0.0007333128506423492,0.00020071674740111995,0.00024638616590070807,0.00017620195326981843,0.00046218716073498367,0.0007334815786123269
kitti,24259,2011_09_30/2011_09_30_drive_0018_sync/velodyne_points/data/0000000094.bin,2011_09_30/2011_09_30_drive_0018_sync/velodyne_points/data/0000000000.bin,pbea_native,4000,64,125143,115019,12,0.9653662939999776,0.9597700260001147,0.013762835368809664,0.021313201708674345,0.008650943633273721,0.04258233660471749,0.2613137104086956,0.016709156748883337,0.035387293528458874,0.009376221851109421,0.05328561227901728,2.9020571482082564,0.015298096969173416,0.029497059513229496,0.009019440801533857,0.048166711473801374,2.9020571482082564
kitti,24623,2011_09_30/2011_09_30_drive_0018_sync/velodyne_points/data/0000000095.bin,2011_09_30/2011_09_30_drive_0018_sync/velodyne_points/data/0000000000.bin,alice_lri,4000,64,125525,125525,12,1.0303813419996004,0.9873552279996147,0.00020136671976724867,0.0002470645478590742,0.00017663246247656093,0.00046389081988670573,0.0007623664250889177,0.0002013859221929184,0.00024707364408049743,0.00017672951279606414,0.00046395626662612056,0.0007618531862023673,0.00020137632098008354,0.0002470690960116472,0.00017668817676937918,0.0004639244121508622,0.0007623664250889177
kitti,24623,2011_09_30/2011_09_30_drive_0018_sync/velodyne_points/data/0000000095.bin,2011_09_30/2011_09_30_drive_0018_sync/velodyne_points/data/0000000000.bin,pbea_native,4000,64,125525,115819,12,0.9760249739993014,0.9701978349994533,0.01351590058438529,0.020271984830848234,0.008992800972694757,0.04116021881182402,0.25959530970155076,0.016554433666279133,0.04444356942240423,0.009645119528959686,0.051601712002140324,7.611085018487898,0.015096266639082007,0.03499352744925342,0.009311882883154796,0.04695704760052561,7.611085018487898
kitti,25181,2011_09_30/2011_09_30_drive_0018_sync/velodyne_points/data/0000000096.bin,2011_09_30/2011_09_30_drive_0018_sync/velodyne_points/data/0000000000.bin,alice_lri,4000,64,125764,125764,12,1.0352718399999503,0.9902729460000046,0.00020111126566079097,0.0002466774561692605,0.0001766211815661267,0.0004647210270791558,0.0007368280677746767,0.00020110599879315442,0.00024667897482767877,0.00017659475219576433,0.0004647239565723209,0.0007367797710749678,0.0002011086322269727,0.00024667821549963833,0.00017660572845910703,0.0004647235587081826,0.0007368280677746767
kitti,25181,2011_09_30/2011_09_30_drive_0018_sync/velodyne_points/data/0000000096.bin,2011_09_30/2011_09_30_drive_0018_sync/velodyne_points/data/0000000000.bin,pbea_native,4000,64,125764,116037,12,0.9702196540001751,0.9648297189996811,0.013288488246448743,0.0202813044768622,0.008605714192667322,0.04015606976209182,0.24375114464351358,0.01659157360954527,0.04051475483609834,0.009250892697341608,0.0513713977176842,2.343530251564404,0.015006468021571559,0.03242114148673256,0.008929632829787999,0.04607886264350709,2.343530251564404
kitti,25814,2011_09_30/2011_09_30_drive_0018_sync/velodyne_points/data/0000000097.bin,2011_09_30/2011_09_30_drive_0018_sync/velodyne_points/data/0000000000.bin,alice_lri,4000,64,126023,126023,12,1.0386950250003792,0.9870194329996593,0.0002013819748357117,0.0002471057111537922,0.0001769418065086716,0.0004640250630392382,0.0007944634919281336,0.0002014100301904551,0.00024711458648434903,0.00017695686957692469,0.0004639012379524936,0.0007940293560451076,0.0002013960025130834,0.000247110148858917,0.00017694938477826096,0.0004639457728757078,0.0007944634919281336
kitti,25814,2011_09_30/2011_09_30_drive_0018_sync/velodyne_points/data/0000000097.bin,2011_09_30/2011_09_30_drive_0018_sync/velodyne_points/data/0000000000.bin,pbea_native,4000,64,126023,115662,12,0.9689937269995426,0.9633712409995496,0.013325863248002107,0.02027412862946836,0.008854462793712211,0.040094567712679906,0.26293252275348356,0.016703575812660083,0.03914055951096414,0.009630255101260962,0.05114224461316487,6.620735281569486,0.015087120547941665,0.03155216596987954,0.009247962499689427,0.045423669778010954,6.620735281569486
kitti,25063,2011_09_30/2011_09_30_drive_0018_sync/velodyne_points/data/0000000098.bin,2011_09_30/2011_09_30_drive_0018_sync/velodyne_points/data/0000000000.bin,alice_lri,4000,64,126151,126151,12,1.0306896500005678,0.9948615960001916,0.000201039272825069,0.0002468390284332644,0.00017694057469100284,0.0004639547389356832,0.0007963016796209568,0.00020102190253706005,0.0002468111224265851,0.00017680708302613595,0.00046397103266167207,0.0007965275927422393,0.00020103058768106453,0.00024682507582430587,0.0001768746779055633,0.0004639569578447113,0.0007965275927422393
kitti,25063,2011_09_30/2011_09_30_drive_0018_sync/velodyne_points/data/0000000098.bin,2011_09_30/2011_09_30_drive_0018_sync/velodyne_points/data/0000000000.bin,pbea_native,4000,64,126151,115302,12,0.9795304210010727,0.9740795830002753,0.013621312729774014,0.020978840371290646,0.008981200393114853,0.041432775893084,0.25686968206298394,0.01714272907826989,0.04203736295834943,0.009664522098775597,0.05092257024731281,5.805056839763827,0.015461133290210632,0.03366658463552686,0.009318104142215039,0.04639807471904394,5.805056839763827
kitti,25082,2011_09_30/2011_09_30_drive_0018_sync/velodyne_points/data/0000000099.bin,2011_09_30/2011_09_30_drive_0018_sync/velodyne_points/data/0000000000.bin,alice_lri,4000,64,126273,126273,12,1.0254277379999621,0.9926403420004135,0.00020119995713629605,0.0002467041758982952,0.00017702139257611346,0.0004645563071651247,0.000791033857807731,0.00020117986030087346,0.00024670708669314055,0.00017700796817859163,0.00046457224509881766,0.0007909804849974073,0.00020118990871858476,0.00024670563130001086,0.00017701485081747162,0.0004645694434359778,0.000791033857807731
kitti,25082,2011_09_30/2011_09_30_drive_0018_sync/velodyne_points/data/0000000099.bin,2011_09_30/2011_09_30_drive_0018_sync/velodyne_points/data/0000000000.bin,pbea_native,4000,64,126273,115011,12,0.9884073510011149,0.9828316680004718,0.013814353046104086,0.021345416965449327,0.008993606823878867,0.04248385199691884,0.24158089857672976,0.01713315363154097,0.043088858766280595,0.009791509074737952,0.049905413800159816,2.8334328353763194,0.015551206324087175,0.03447948464374176,0.00939946547089799,0.04605783662023397,2.8334328353763194
durlar,140728,DurLAR_20211209/ouster_points/data/0000000000.bin,DurLAR_20211209/ouster_points/data/0000000000.bin,alice_lri,2048,128,148563,148563,12,1.2013904690002164,1.154573247999906,6.674563927656882e-07,1.392369260155251e-06,1.2361822218862415e-07,2.7158786980816135e-06,3.444408693569415e-05,6.674927544947204e-07,1.392517474751925e-06,1.2361809010281646e-07,2.715852534324109e-06,3.444496622075333e-05,6.674745736302041e-07,1.392443369425622e-06,1.236181561457203e-07,2.7158760067136343e-06,3.444496622075333e-05
durlar,140728,DurLAR_20211209/ouster_points/data/0000000000.bin,DurLAR_20211209/ouster_points/data/0000000000.bin,pbea_native,2048,128,148563,141126,12,1.1459432580004432,1.139478551999673,0.013458553948895375,0.01938233743118507,0.00936573547316358,0.04021979615968054,0.2776878081765687,0.013916448182424,0.026400753243040358,0.009686300330116165,0.04053196390059876,3.8699566905105858,0.013693378678228256,0.023247837973412958,0.009531582509112698,0.04043772741866232,3.8699566905105858
durlar,138728,DurLAR_20211209/ouster_points/data/0000000001.bin,DurLAR_20211209/ouster_points/data/0000000000.bin,alice_lri,2048,128,148663,148663,12,1.224336700999629,1.1631652249998297,6.728511641097242e-07,1.430572607279756e-06,1.2371936444393616e-07,2.71260254259396e-06,4.55849906972473e-05,6.72873308506636e-07,1.4306554041238804e-06,1.2371947453004428e-07,2.7126030003727122e-06,4.5587925054940494e-05,6.728622363081801e-07,1.430614006300802e-06,1.2371941948699022e-07,2.7126092006261988e-06,4.5587925054940494e-05
durlar,138728,DurLAR_20211209/ouster_points/data/0000000001.bin,DurLAR_20211209/ouster_points/data/0000000000.bin,pbea_native,2048,128,148663,140915,12,1.1585979999999836,1.1523033269995722,0.013488052653448079,0.019369115572250527,0.009245872434621131,0.03979976673164169,0.2366665964355181,0.013926088211297927,0.02480256209795573,0.00953085912675403,0.040263218158077235,3.1002774308430965,0.013712930510663171,0.022324328948434752,0.00938037775945644,0.04002450966186362,3.1002774308430965
durlar,130728,DurLAR_20211209/ouster_points/data/0000000002.bin,DurLAR_20211209/ouster_points/data/0000000000.bin,alice_lri,2048,128,148482,148482,12,1.2167791720003152,1.1688367719998496,6.643776233133488e-07,1.3716820448900713e-06,1.2337136472557297e-07,2.696052210936428e-06,3.93858059713069e-05,6.644083335665822e-07,1.3718330387859158e-06,1.2337377804531835e-07,2.696265222216641e-06,3.941824440690854e-05,6.643929784399655e-07,1.3717575439155433e-06,1.2337306716753852e-07,2.69624440368147e-06,3.941824440690854e-05
durlar,130728,DurLAR_20211209/ouster_points/data/0000000002.bin,DurLAR_20211209/ouster_points/data/0000000000.bin,pbea_native,2048,128,148482,140826,12,1.1464480389995515,1.1400345109996124,0.013463715238569736,0.01927957101997303,0.009302374485800166,0.04004972822220259,0.27904072952624515,0.013833847768473385,0.021042991430920786,0.009559737011706898,0.04065908570798254,1.4646673426186476,0.013653678939211109,0.020203848962182573,0.00942530922101274,0.04035236999762957,1.4646673426186476
durlar,130729,DurLAR_20211209/ouster_points/data/0000000003.bin,DurLAR_20211209/ouster_points/data/0000000000.bin,alice_lri,2048,128,148517,148517,12,1.2163204759999644,1.169007299000441,6.673374599036453e-07,1.4003815815529285e-06,1.238668181411996e-07,2.6898011487072687e-06,5.577023460336272e-05,6.673496537786882e-07,1.4005042261959205e-06,1.238536654104836e-07,2.689844406012119e-06,5.5773550432930446e-05,6.673435568411667e-07,1.4004429052170093e-06,1.2385598469705914e-07,2.689841505514678e-06,5.5773550432930446e-05
durlar,130729,DurLAR_20211209/ouster_points/data/0000000003.bin,DurLAR_20211209/ouster_points/data/0000000000.bin,pbea_native,2048,128,148517,141025,12,1.158434094999393,1.1520364859998153,0.013465312838549985,0.019303274927642163,0.009355482336395295,0.040245237009097344,0.25181960853378743,0.013904461375458855,0.022079480106635335,0.009659970852157944,0.04082359006603388,2.364904657425569,0.013690568667604474,0.020773692573788905,0.009507650036107942,0.04057547368578036,2.364904657425569
durlar,143728,DurLAR_20211209/ouster_points/data/0000000004.bin,DurLAR_20211209/ouster_points/data/0000000000.bin,alice_lri,2048,128,148486,148486,12,1.2107191499999317,1.1632536409997556,6.626177625167068e-07,1.3502329011057904e-06,1.2287501780974156e-07,2.718456405821933e-06,5.07799687550477e-05,6.62650867596479e-07,1.3503549416221111e-06,1.2287507141835554e-07,2.718452672272695e-06,5.0784084493908364e-05,6.626343150565929e-07,1.3502939227427143e-06,1.2287504028238885e-07,2.7184744843583674e-06,5.0784084493908364e-05
durlar,143728,DurLAR_20211209/ouster_points/data/0000000004.bin,DurLAR_20211209/ouster_points/data/0000000000.bin,pbea_native,2048,128,148486,140732,12,1.1448481620000166,1.139052692000405,0.013507236163475064,0.01937772080635975,0.009194032521620106,0.03980826617070741,0.23009594513168466,0.013985020910428332,0.02189409779626056,0.009540685358389615,0.04050153318539439,1.4897948776178762,0.013752533295521147,0.020707872539117444,0.00935618856738325,0.040165178823141315,1.4897948776178762
durlar,131728,DurLAR_20211209/ouster_points/data/0000000005.bin,DurLAR_20211209/ouster_points/data/0000000000.bin,alice_lri,2048,128,148566,148566,12,1.2093497010000647,1.1598562899998797,6.578677257993138e-07,1.3403107262484416e-06,1.2218257724899267e-07,2.695928216759444e-06,6.818450756138262e-05,6.578875102736941e-07,1.3404243797101435e-06,1.2218833695797974e-07,2.6959320961503126e-06,6.818876138013607e-05,6.578776180365039e-07,1.3403675541839162e-06,1.2218675995766996e-07,2.6959389717347692e-06,6.818876138013607e-05
durlar,131728,DurLAR_20211209/ouster_points/data/0000000005.bin,DurLAR_20211209/ouster_points/data/0000000000.bin,pbea_native,2048,128,148566,140952,12,1.1528110970002672,1.1470493599999827,0.013430365368105691,0.01921036793500019,0.009189665288632524,0.0397671869378144,0.27695457016173913,0.01385587500943316,0.02456593193104775,0.009471434413508506,0.04033727397257069,4.822737349005864,0.013648715402899577,0.022121131708722028,0.009334446123841019,0.04004076797114417,4.822737349005864
durlar,149728,DurLAR_20211209/ouster_points/data/0000000006.bin,DurLAR_20211209/ouster_points/data/0000000000.bin,alice_lri,2048,128,148534,148534,12,1.2159877320000305,1.1636663729996144,6.686929348817504e-07,1.3827302758666938e-06,1.238859290228346e-07,2.7246764463204447e-06,5.5739248801085836e-05,6.686866745824183e-07,1.3825131000542615e-06,1.238859271282107e-07,2.7246754331719736e-06,5.5765273428689364e-05,6.686898047320845e-07,1.382621692224599e-06,1.238859290228346e-07,2.724686900052974e-06,5.5765273428689364e-05
durlar,149728,DurLAR_20211209/ouster_points/data/0000000006.bin,DurLAR_20211209/ouster_points/data/0000000000.bin,pbea_native,2048,128,148534,140941,12,1.1469822549997843,1.1411606729998311,0.013443335561825878,0.019283499260656922,0.009474664991910863,0.04018661296175005,0.27123085287002835,0.013887896241939155,0.022659577249566486,0.009774525759836682,0.04041181825884574,2.464490185431422,0.01367144636952929,0.0210834540424284,0.00961698034656246,0.04030775097816847,2.464490185431422
durlar,147728,DurLAR_20211209/ouster_points/data/0000000007.bin,DurLAR_20211209/ouster_points/data/0000000000.bin,alice_lri,2048,128,148568,148568,12,1.2084677519997058,1.1536156089996439,6.675776136201189e-07,1.4181521997031682e-06,1.2422015091937872e-07,2.7088363718789705e-06,0.0001122535244165898,6.675819266978938e-07,1.41825082335668e-06,1.242287305328787e-07,2.708646937162734e-06,0.00011226621539849347,6.675797701590063e-07,1.4182015123872266e-06,1.2422451058408696e-07,2.708687213108382e-06,0.00011226621539849347
durlar,147728,DurLAR_20211209/ouster_points/data/0000000007.bin,DurLAR_20211209/ouster_points/data/0000000000.bin,pbea_native,2048,128,148568,141053,12,1.1420968929996889,1.1363499609997234,0.013461166290216283,0.01929399126159388,0.009346831754070967,0.04002614923799799,0.26687400096455444,0.013929742626005782,0.02251297926969179,0.00968229882601222,0.04075564323360979,2.221798672992696,0.013701533698158297,0.021006954517162453,0.009525355514018306,0.04046789779560639,2.221798672992696
durlar,140729,DurLAR_20211209/ouster_points/data/0000000008.bin,DurLAR_20211209/ouster_points/data/0000000000.bin,alice_lri,2048,128,148505,148505,12,1.2218711689993142,1.1619953529998384,6.657400844816326e-07,1.3747582890391242e-06,1.240543876911785e-07,2.72422264001626e-06,3.729823493955887e-05,6.657439619862189e-07,1.3746990547322677e-06,1.240544057206165e-07,2.7242193414377494e-06,3.7299163439032534e-05,6.657420232339258e-07,1.3747286722047319e-06,1.240543967058975e-07,2.7242255870313066e-06,3.7299163439032534e-05
durlar,140729,DurLAR_20211209/ouster_points/data/0000000008.bin,DurLAR_20211209/ouster_points/data/0000000000.bin,pbea_native,2048,128,148505,140306,12,1.1507146339999963,1.1440541609999855,0.01341449501930498,0.01930519217656082,0.008855588434702365,0.0394850144698137,0.2085978166587486,0.013902556313175331,0.024861344413288817,0.009243526829772912,0.040077377261854924,5.213228570771384,0.013665453405399056,0.022335435869320408,0.009055418842281032,0.03974750853351984,5.213228570771384
durlar,146728,DurLAR_20211209/ouster_points/data/0000000009.bin,DurLAR_20211209/ouster_points/data/0000000000.bin,alice_lri,2048,128,148565,148565,12,1.2154567749994385,1.156843957000092,6.639224775517251e-07,1.3732921894374972e-06,1.2492929830960284e-07,2.6874674359705852e-06,6.009438966669639e-05,6.639732011030127e-07,1.3735451853803347e-06,1.2493087229347162e-07,2.6874641758441597e-06,6.0104998649325905e-05,6.639478393273688e-07,1.3734186932344289e-06,1.2493007038893808e-07,2.687480826840625e-06,6.0104998649325905e-05
durlar,146728,DurLAR_20211209/ouster_points/data/0000000009.bin,DurLAR_20211209/ouster_points/data/0000000000.bin,pbea_native,2048,128,148565,140977,12,1.1515083429994775,1.1449818729997787,0.0134652399287655,0.01932828550998065,0.009479025076471737,0.040226666490244485,0.2751905288262325,0.013910119598170248,0.021993264832920224,0.009811601625913813,0.04041799008446593,2.2391200762583376,0.013693509223324204,0.020738517925532655,0.009642086800021463,0.04032794903096209,2.2391200762583376
durlar,147729,DurLAR_20211209/ouster_points/data/0000000010.bin,DurLAR_20211209/ouster_points/data/0000000000.bin,alice_lri,2048,128,148493,148493,12,1.2113675390000935,1.1605300100000022,6.707972703737372e-07,2.422096337846903e-06,1.239806029258257e-07,2.7151104239992273e-06,0.0007723863466456242,6.708210593790403e-07,2.422168076608862e-06,1.239805966393576e-07,2.7149406309511395e-06,0.0007723841098572884,6.708091648763888e-07,2.4221322074934777e-06,1.2398059978259164e-07,2.714988881622848e-06,0.0007723863466456242
durlar,147729,DurLAR_20211209/ouster_points/data/0000000010.bin,DurLAR_20211209/ouster_points/data/0000000000.bin,pbea_native,2048,128,148493,140926,12,1.1537655980000636,1.1473257110001214,0.013431386815338706,0.019245760960451767,0.009439254146952535,0.04016134071398626,0.20532594873563378,0.013845203823194235,0.021963950956478365,0.009774660521432913,0.040345228053521885,1.8912702778588366,0.013643705042364201,0.02068505698123353,0.009611483683487356,0.04025225076478889,1.8912702778588366
durlar,146729,DurLAR_20211209/ouster_points/data/0000000011.bin,DurLAR_20211209/ouster_points/data/0000000000.bin,alice_lri,2048,128,148311,148311,12,1.2090471530000286,1.1562711369997487,6.630467112491146e-07,1.3793461668445548e-06,1.2338735881175055e-07,2.719525144565511e-06,7.731060817089486e-05,6.63002086181934e-07,1.378577782238354e-06,1.233873440461558e-07,2.7197421013763708e-06,7.73157555390274e-05,6.630243987155244e-07,1.3789620280613213e-06,1.2338735142895318e-07,2.7196810574555595e-06,7.73157555390274e-05
durlar,146729,DurLAR_20211209/ouster_points/data/0000000011.bin,DurLAR_20211209/ouster_points/data/0000000000.bin,pbea_native,2048,128,148311,140847,12,1.157954179000626,1.1515549069999906,0.013473417749955764,0.019340664715933795,0.009311208151703004,0.03985360795857167,0.27812511200217543,0.013935672338267858,0.025974408309543097,0.009603099264557987,0.04031413284512071,5.563128995784935,0.013710511104617074,0.022983589482316054,0.00946554536233686,0.04011603827387644,5.563128995784935
durlar,127728,DurLAR_20211209/ouster_points/data/0000000012.bin,DurLAR_20211209/ouster_points/data/0000000000.bin,alice_lri,2048,128,148579,148579,12,1.2553106220011614,1.200470399000551,6.637925827719261e-07,1.3691979236159587e-06,1.2362848584836177e-07,2.6963481544173906e-06,2.9410693165683172e-05,6.638229585162702e-07,1.3693532103765272e-06,1.2362914223555204e-07,2.69628268031072e-06,2.9410192709908345e-05,6.638077706440982e-07,1.3692755691975875e-06,1.23628816412278e-07,2.6963366345355802e-06,2.9410693165683172e-05
durlar,127728,DurLAR_20211209/ouster_points/data/0000000012.bin,DurLAR_20211209/ouster_points/data/0000000000.bin,pbea_native,2048,128,148579,141063,12,1.153549314000884,1.1469531990005635,0.013463218739408313,0.019244645825658605,0.009450377811361514,0.040344729871384814,0.196696396532663,0.013908999038860476,0.023627734620832824,0.009776260384936274,0.040689232272996353,2.6292511121950275,0.01369189272699403,0.02160442609890098,0.009611127049941512,0.040585121232306495,2.6292511121950275
durlar,141728,DurLAR_20211209/ouster_points/data/0000000013.bin,DurLAR_20211209/ouster_points/data/0000000000.bin,alice_lri,2048,128,148502,148502,12,1.2474266110002645,1.1639780610003072,6.672814120333769e-07,1.4021605328737823e-06,1.2365340086104594e-07,2.709133856971688e-06,9.962245071479492e-05,6.6730069224368e-07,1.402237042484191e-06,1.2366052193313932e-07,2.7091201725406945e-06,9.963334182412136e-05,6.672910521385284e-07,1.4021987882008207e-06,1.236544770693477e-07,2.7091471009741288e-06,9.963334182412136e-05
durlar,141728,DurLAR_20211209/ouster_points/data/0000000013.bin,DurLAR_20211209/ouster_points/data/0000000000.bin,pbea_native,2048,128,148502,140798,12,1.1519603729993833,1.1460791469999094,0.013454409140129513,0.019280720347699797,0.009217552630765635,0.03981536674234903,0.25463022451551387,0.01388409130457751,0.021732187926343367,0.009513305318688232,0.040281372558996616,1.6079832969401244,0.013674971396558329,0.020575611500261673,0.009374785336776487,0.04002957796086312,1.6079832969401244
durlar,138729,DurLAR_20211209/ouster_points/data/0000000014.bin,DurLAR_20211209/ouster_points/data/0000000000.bin,alice_lri,2048,128,148523,148523,12,1.2190408530004788,1.1646140980001292,6.686883400005647e-07,1.4189203482329387e-06,1.2134577801674486e-07,2.72233495344824e-06,4.9992590619937857e-05,6.687157390622905e-07,1.4191279280650043e-06,1.213387763727194e-07,2.7223274942723175e-06,5.000320815142782e-05,6.687020395314276e-07,1.4190241419446595e-06,1.2134222723579923e-07,2.722358833198838e-06,5.000320815142782e-05
durlar,138729,DurLAR_20211209/ouster_points/data/0000000014.bin,DurLAR_20211209/ouster_points/data/0000000000.bin,pbea_native,2048,128,148523,141002,12,1.1524357489997783,1.1459448879995762,0.013483526490326966,0.019356671358834347,0.009402709032141167,0.04039880347192023,0.2798534434050482,0.013929466538664042,0.023110205057415064,0.009753004153669568,0.040621002453858746,3.2482284130579813,0.0137122886138022,0.02136472635924318,0.009577012470886022,0.040514799611860726,3.2482284130579813
durlar,136728,DurLAR_20211209/ouster_points/data/0000000015.bin,DurLAR_20211209/ouster_points/data/0000000000.bin,alice_lri,2048,128,148483,148483,12,1.215981329000897,1.1592577720002737,6.661079778669195e-07,1.3700369858346386e-06,1.2419355164262377e-07,2.722337522200697e-06,4.160301973271347e-05,6.660980532387491e-07,1.3699706979801903e-06,1.2420938736327027e-07,2.7223258416743435e-06,4.1608220442418557e-05,6.661030155528345e-07,1.3700038423083329e-06,1.2420146937889657e-07,2.7223400902075224e-06,4.1608220442418557e-05
durlar,136728,DurLAR_20211209/ouster_points/data/0000000015.bin,DurLAR_20211209/ouster_points/data/0000000000.bin,pbea_native,2048,128,148483,140463,12,1.150389880000148,1.1440265960000033,0.01353472068872866,0.01946191536468258,0.009164540417935319,0.03984147976612054,0.2868181777535489,0.013940572706879874,0.02099412810448896,0.009508398149344462,0.04029298218181775,0.7453156606130387,0.013743279122523025,0.02026376182058732,0.009335332400522912,0.040043846616173426,0.7453156606130387
durlar,147730,DurLAR_20211209/ouster_points/data/0000000016.bin,DurLAR_20211209/ouster_points/data/0000000000.bin,alice_lri,2048,128,148551,148551,12,1.2226067219999095,1.1688628929996412,6.637735648421327e-07,1.3915168247941023e-06,1.225903540886184e-07,2.706243998860408e-06,6.562258885572247e-05,6.636528887921454e-07,1.3910073479518732e-06,1.2260081549097732e-07,2.7062071871445864e-06,6.562758953610205e-05,6.63713226817139e-07,1.3912621096941374e-06,1.2259558478979784e-07,2.706234359007609e-06,6.562758953610205e-05
durlar,147730,DurLAR_20211209/ouster_points/data/0000000016.bin,DurLAR_20211209/ouster_points/data/0000000000.bin,pbea_native,2048,128,148551,140998,12,1.1487472850003542,1.142150390000097,0.013473564697993693,0.019317279548204863,0.009480934857457633,0.04021211723604917,0.2742793170597957,0.013865941133087992,0.021233619524785384,0.009814550001358164,0.04036788080305376,1.9542246464157844,0.013674870562664934,0.020323028382562308,0.009648422300001984,0.04029314492548044,1.9542246464157844
durlar,139728,DurLAR_20211209/ouster_points/data/0000000017.bin,DurLAR_20211209/ouster_points/data/0000000000.bin,alice_lri,2048,128,148500,148500,12,1.2258658299997478,1.1615464579999752,6.672878720109792e-07,1.3998142752796426e-06,1.2420957132547395e-07,2.702584899314958e-06,3.486375428093843e-05,6.673256618139968e-07,1.4003380434875115e-06,1.2420947516961488e-07,2.7026354689680414e-06,3.5508437335697766e-05,6.673067669124882e-07,1.4000761838762743e-06,1.2420957132547395e-07,2.7026313075110327e-06,3.5508437335697766e-05
durlar,139728,DurLAR_20211209/ouster_points/data/0000000017.bin,DurLAR_20211209/ouster_points/data/0000000000.bin,pbea_native,2048,128,148500,141965,12,1.1495932320003703,1.14361878300042,0.00989229395382934,0.01493623835262378,0.0062023774858991475,0.03231204192528668,0.16395287044110918,0.010033673206962204,0.015132315015972128,0.006362184750058829,0.032322045489075774,0.1699461699076562,0.009964573984436228,0.01503680183196765,0.006288882034357094,0.03231890431056531,0.1699461699076562
durlar,142728,DurLAR_20211209/ouster_points/data/0000000018.bin,DurLAR_20211209/ouster_points/data/0000000000.bin,alice_lri,2048,128,148689,148689,12,1.218762990999494,1.1598934140001802,6.663130810959941e-07,1.3604732814405811e-06,1.2463768968477486e-07,2.7324295081833036e-06,2.7134928400560725e-05,6.662991662000242e-07,1.3604537989785546e-06,1.246377712172016e-07,2.7323691895489686e-06,2.7136405796248623e-05,6.663061236480092e-07,1.3604635402444425e-06,1.2463773045098825e-07,2.7324062532035124e-06,2.7136405796248623e-05
durlar,142728,DurLAR_20211209/ouster_points/data/0000000018.bin,DurLAR_20211209/ouster_points/data/0000000000.bin,pbea_native,2048,128,148689,140687,12,1.156424829999196,1.15010906399948,0.01346273958565174,0.019295408258179738,0.009124043141102652,0.039832035831837705,0.2222696886527871,0.013988821091218342,0.02338630030734007,0.00948299333982471,0.040265856915811825,2.3597151121628763,0.01373305410026661,0.021494884737758436,0.009302950272993656,0.03999924298145065,2.3597151121628763
durlar,140730,DurLAR_20211209/ouster_points/data/0000000019.bin,DurLAR_20211209/ouster_points/data/0000000000.bin,alice_lri,2048,128,148420,148420,12,1.2151121460001377,1.1528240739999092,6.669771211496996e-07,1.411227545670448e-06,1.2459509934802967e-07,2.699122672172185e-06,7.783855722869824e-05,6.669263742960577e-07,1.4103342896581472e-06,1.2459499683086335e-07,2.699223898408367e-06,7.784595789952288e-05,6.669517477228786e-07,1.4107809883615151e-06,1.2459505629646265e-07,2.699203607218834e-06,7.784595789952288e-05
durlar,140730,DurLAR_20211209/ouster_points/data/0000000019.bin,DurLAR_20211209/ouster_points/data/0000000000.bin,pbea_native,2048,128,148420,140891,12,1.1436224970002513,1.1378492089997962,0.013437327430490113,0.019275285696928983,0.00938463673956203,0.040360886442172436,0.28348429609110937,0.013829962857283287,0.021744854057891606,0.009709845785017414,0.04055407906016139,2.03160296902446,0.013638754096066753,0.020579256432767496,0.009545345594723136,0.04044810693086809,2.03160296902446
durlar,141729,DurLAR_20211209/ouster_points/data/0000000020.bin,DurLAR_20211209/ouster_points/data/0000000000.bin,alice_lri,2048,128,148599,148599,12,1.2171442940007182,1.1555935510004929,6.669504844057767e-07,1.3714782511918552e-06,1.2517647769021773e-07,2.7181264273615426e-06,4.158757500744484e-05,6.669873949144404e-07,1.3716732379057096e-06,1.2517647766104446e-07,2.718111748266614e-06,4.158980663253875e-05,6.669689396601086e-07,1.3715757480137586e-06,1.251764776756311e-07,2.71812715009291e-06,4.158980663253875e-05
durlar,141729,DurLAR_20211209/ouster_points/data/0000000020.bin,DurLAR_20211209/ouster_points/data/0000000000.bin,pbea_native,2048,128,148599,141084,12,1.1549343599999702,1.148633898999833,0.01345750669849267,0.019237512430286503,0.009436613829624144,0.04037255772170561,0.28282238275207366,0.01388433078249076,0.02347310745091763,0.009740945237702883,0.04057202156897593,3.240646316546023,0.013676455107816074,0.02151466615790419,0.009583097402926873,0.040464520568202184,3.240646316546023
durlar,147731,DurLAR_20211209/ouster_points/data/0000000021.bin,DurLAR_20211209/ouster_points/data/0000000000.bin,alice_lri,2048,128,148644,148644,12,1.2150059030000193,1.162136699000257,6.603731380120295e-07,1.3506897870051868e-06,1.2334315141575494e-07,2.697215181034234e-06,4.0967845597896137e-05,6.603601794731516e-07,1.3507346654593048e-06,1.2332611313000893e-07,2.696886411989564e-06,4.097040236589213e-05,6.603666587425906e-07,1.350712226418636e-06,1.233373844541755e-07,2.697141277329595e-06,4.097040236589213e-05
durlar,147731,DurLAR_20211209/ouster_points/data/0000000021.bin,DurLAR_20211209/ouster_points/data/0000000000.bin,pbea_native,2048,128,148644,141279,12,1.1480499190001865,1.1421253429998615,0.013486999341182204,0.019315097823410288,0.00942625826518274,0.04043003268095342,0.2756721964681118,0.013935693101622439,0.022527453222022924,0.009738970558345893,0.040632428862654016,2.2677686493180844,0.013717045371772665,0.021023483174769615,0.009581121300807693,0.04052711133827736,2.2677686493180844
durlar,142729,DurLAR_20211209/ouster_points/data/0000000022.bin,DurLAR_20211209/ouster_points/data/0000000000.bin,alice_lri,2048,128,148673,148673,12,1.2002184189996115,1.15383477999967,6.599425110440964e-07,1.358738599187485e-06,1.232996575623474e-07,2.691314038643876e-06,8.238871674365442e-05,6.599521548819249e-07,1.3588369531805679e-06,1.2330253478532809e-07,2.6912921854906323e-06,8.239506849212555e-05,6.599473329630108e-07,1.3587877770739289e-06,1.2330110078965202e-07,2.691304523232354e-06,8.239506849212555e-05
durlar,142729,DurLAR_20211209/ouster_points/data/0000000022.bin,DurLAR_20211209/ouster_points/data/0000000000.bin,pbea_native,2048,128,148673,140641,12,1.1519997540008262,1.1456504590005352,0.01348850538888392,0.01937870127751156,0.009094553802824432,0.04005546386269127,0.2226465971413801,0.014030146295856142,0.021881943584875062,0.009455354037808799,0.04031003741085904,0.7150344818113901,0.013766844420393911,0.02070290982461855,0.009281509500916123,0.040214154538394616,0.7150344818113901
durlar,143729,DurLAR_20211209/ouster_points/data/0000000023.bin,DurLAR_20211209/ouster_points/data/0000000000.bin,alice_lri,2048,128,148473,148473,12,1.224450301001525,1.1631132260008599,6.657499303441718e-07,1.3619696118900343e-06,1.2186575343344512e-07,2.7009830773830355e-06,3.469555325760449e-05,6.658142680353785e-07,1.3621966097017102e-06,1.218658256415901e-07,2.701191309170047e-06,3.470022114212799e-05,6.657820991897753e-07,1.362083115524659e-06,1.2186578953751762e-07,2.701158928340573e-06,3.470022114212799e-05
durlar,143729,DurLAR_20211209/ouster_points/data/0000000023.bin,DurLAR_20211209/ouster_points/data/0000000000.bin,pbea_native,2048,128,148473,140967,12,1.160431566000625,1.1540551020007115,0.013450140118227122,0.019319623972382557,0.009459366352780817,0.04034336426045979,0.42021772530486035,0.013872558071958531,0.023599225628496787,0.009696151843110172,0.04046397956756226,2.5676314250860863,0.013666826342813783,0.02162099152854708,0.00957894957185645,0.04039928057683155,2.5676314250860863
durlar,126728,DurLAR_20211209/ouster_points/data/0000000024.bin,DurLAR_20211209/ouster_points/data/0000000000.bin,alice_lri,2048,128,148549,148549,12,1.2149044400002822,1.1630831160000525,6.640051643028854e-07,1.3861785244662768e-06,1.2390768605622861e-07,2.7067127306811878e-06,4.1015878160055394e-05,6.639531135322027e-07,1.3858613104912232e-06,1.2389064887090835e-07,2.7067108814339437e-06,4.101842921190888e-05,6.639791389175441e-07,1.3860199265537194e-06,1.2390270216796107e-07,2.70679237162251e-06,4.101842921190888e-05
durlar,126728,DurLAR_20211209/ouster_points/data/0000000024.bin,DurLAR_20211209/ouster_points/data/0000000000.bin,pbea_native,2048,128,148549,141050,12,1.1557705209997948,1.1490993489996981,0.013418737618840326,0.019185268231648785,0.009475663182971529,0.04020056788018523,0.20688346191218943,0.013974982469654102,0.034420043662325206,0.00981820274422339,0.04040364058411469,6.955422787819686,0.013704061864930735,0.028053172652244187,0.009645556719967384,0.040303876080967437,6.955422787819686
durlar,138730,DurLAR_20211209/ouster_points/data/0000000025.bin,DurLAR_20211209/ouster_points/data/0000000000.bin,alice_lri,2048,128,148559,148559,12,1.218258990999857,1.1637478209995606,6.664284629509496e-07,1.3968116075151432e-06,1.2378471294472322e-07,2.704630832647927e-06,6.578562226569066e-05,6.664168726518489e-07,1.3967343272194125e-06,1.237920662733662e-07,2.7044829620712993e-06,6.578947903579491e-05,6.664226678013993e-07,1.3967729679017458e-06,1.237883896090447e-07,2.704628493189586e-06,6.578947903579491e-05
durlar,138730,DurLAR_20211209/ouster_points/data/0000000025.bin,DurLAR_20211209/ouster_points/data/0000000000.bin,pbea_native,2048,128,148559,140686,12,1.1571590129997276,1.1506700079999064,0.013468902779427847,0.019342224009377254,0.00915878129211812,0.039712012344691495,0.2946791316505542,0.014055566473305615,0.029049737944156547,0.009532564620611864,0.04034156471751665,3.7713732331465324,0.013770218866823608,0.024807211863376897,0.009344134506458391,0.03996796654411333,3.7713732331465324
durlar,128728,DurLAR_20211209/ouster_points/data/0000000026.bin,DurLAR_20211209/ouster_points/data/0000000000.bin,alice_lri,2048,128,148750,148750,12,1.2203660250006578,1.1706868860001123,6.662561836770874e-07,1.3671696597910385e-06,1.2356769613934192e-07,2.714406767235946e-06,2.551751767435173e-05,6.662164688547899e-07,1.3670557811781084e-06,1.23567791198041e-07,2.7141678449833206e-06,2.5522982221335564e-05,6.662363262659385e-07,1.367112721670315e-06,1.2356770983638795e-07,2.714199031803136e-06,2.5522982221335564e-05
durlar,128728,DurLAR_20211209/ouster_points/data/0000000026.bin,DurLAR_20211209/ouster_points/data/0000000000.bin,pbea_native,2048,128,148750,141293,12,1.1500184170008652,1.1442184430006819,0.013447766742004062,0.019295681888852795,0.009347009476102886,0.040461852500919625,0.2906704576895423,0.013917300986678689,0.027704445557583866,0.009642929818254396,0.04063824028985074,4.633938480073207,0.013688569722580564,0.02397937197864747,0.009496101828667306,0.04055314706541711,4.633938480073207
durlar,133728,DurLAR_20211209/ouster_points/data/0000000027.bin,DurLAR_20211209/ouster_points/data/0000000000.bin,alice_lri,2048,128,148355,148355,12,1.2163789620008174,1.1602567360005196,6.622340385861792e-07,1.34801268242277e-06,1.240069005749517e-07,2.7114425007706585e-06,6.549375316191809e-05,6.622374096910863e-07,1.3480494329944834e-06,1.240067992866825e-07,2.7114330352807356e-06,6.55034975016138e-05,6.622357241386327e-07,1.3480310578338653e-06,1.2400684993081712e-07,2.711467341792143e-06,6.55034975016138e-05
durlar,133728,DurLAR_20211209/ouster_points/data/0000000027.bin,DurLAR_20211209/ouster_points/data/0000000000.bin,pbea_native,2048,128,148355,140844,12,1.1607589359991834,1.1541447119998338,0.01348012578005655,0.019316265932436974,0.009448504345099395,0.04024905829385405,0.28582174659191306,0.013961929504393684,0.02561793069085513,0.009743198726054482,0.04067406254064821,3.6739076619338955,0.013727284281725075,0.022767857447080857,0.00960208061959232,0.04055657617235526,3.6739076619338955
durlar,129728,DurLAR_20211209/ouster_points/data/0000000028.bin,DurLAR_20211209/ouster_points/data/0000000000.bin,alice_lri,2048,128,148555,148555,12,1.2179717849994631,1.166194347999408,6.645116595962501e-07,1.3648792875721892e-06,1.2576099139451592e-07,2.702984822957402e-06,4.5454812198823844e-05,6.645313054425722e-07,1.3649397728292445e-06,1.257923660761529e-07,2.703075212016382e-06,4.545742384906674e-05,6.645214825194111e-07,1.3649095305357637e-06,1.2578298045947216e-07,2.703021075594968e-06,4.545742384906674e-05
durlar,129728,DurLAR_20211209/ouster_points/data/0000000028.bin,DurLAR_20211209/ouster_points/data/0000000000.bin,pbea_native,2048,128,148555,140799,12,1.1630109839998113,1.1565978950002318,0.013419989464520098,0.01922579153175243,0.00953102820424857,0.03989902482293941,0.2784026462651288,0.014038825327686832,0.030192081453105896,0.009872333998055007,0.040154855511074075,4.4714542499514245,0.013737701200500019,0.025453084730503527,0.009709733945397436,0.040031640247905426,4.4714542499514245
durlar,127729,DurLAR_20211209/ouster_points/data/0000000029.bin,DurLAR_20211209/ouster_points/data/0000000000.bin,alice_lri,2048,128,148505,148505,12,1.2103899539997656,1.1629496069999732,6.667514058352088e-07,1.382816957079799e-06,1.2172855533253435e-07,2.6963740911599536e-06,4.248060992060673e-05,6.667792167406243e-07,1.3829659462634078e-06,1.217285021235711e-07,2.696377613125078e-06,4.248331348914253e-05,6.667653112879165e-07,1.3828914536780676e-06,1.2172852872805274e-07,2.6964075222859046e-06,4.248331348914253e-05
durlar,127729,DurLAR_20211209/ouster_points/data/0000000029.bin,DurLAR_20211209/ouster_points/data/0000000000.bin,pbea_native,2048,128,148505,140925,12,1.1591345919996456,1.1527747639993322,0.0135043126575998,0.01940261658552749,0.009347744437489975,0.04009420684993997,0.29502889398183907,0.013940091745637526,0.026607571055683975,0.009600142008533655,0.040686675642876216,5.03256150929352,0.013727908599516817,0.023378475040339082,0.009477989628090978,0.04037070686783144,5.03256150929352
durlar,131729,DurLAR_20211209/ouster_points/data/0000000030.bin,DurLAR_20211209/ouster_points/data/0000000000.bin,alice_lri,2048,128,148531,148531,12,1.2141541109986065,1.1613974409992807,6.661301363772199e-07,1.3608786960613626e-06,1.233440456527108e-07,2.7323298463901808e-06,3.422471967345461e-05,6.661315738466967e-07,1.3608684406216792e-06,1.2334399149294037e-07,2.7321448861610176e-06,3.422796733792922e-05,6.661308551119584e-07,1.3608735683511816e-06,1.2334401857282557e-07,2.7322270718314686e-06,3.422796733792922e-05
durlar,131729,DurLAR_20211209/ouster_points/data/0000000030.bin,DurLAR_20211209/ouster_points/data/0000000000.bin,pbea_native,2048,128,148531,140993,12,1.1547938339999746,1.148294266999983,0.013439615805475213,0.01930383908136511,0.009438179434886134,0.04026728527708497,0.275499278545509,0.01391877467369552,0.024800549034986463,0.009804908001775615,0.040419032063666135,3.6454902385929913,0.013685432890952167,0.022293690572426673,0.009614796319310748,0.04034076284223971,3.6454902385929913
durlar,149729,DurLAR_20211209/ouster_points/data/0000000031.bin,DurLAR_20211209/ouster_points/data/0000000000.bin,alice_lri,2048,128,148663,148663,12,1.2196339909996823,1.1644610969997302,6.603516813144736e-07,1.355333239196477e-06,1.2128195881799048e-07,2.705583013147088e-06,3.56070175919813e-05,6.603641370836289e-07,1.3553486886133262e-06,1.2128020313172885e-07,2.7055763425876756e-06,3.560853843401944e-05,6.603579091990513e-07,1.355340963926915e-06,1.212810812737839e-07,2.7055856086373634e-06,3.560853843401944e-05
durlar,149729,DurLAR_20211209/ouster_points/data/0000000031.bin,DurLAR_20211209/ouster_points/data/0000000000.bin,pbea_native,2048,128,148663,141134,12,1.1562273839999762,1.1498474320005698,0.013497981106195892,0.019319175767134173,0.009464727040423376,0.04031365060979865,0.2829655177889583,0.013918030701391196,0.02577936925463298,0.009759722526626572,0.04049093623761487,4.331377094282845,0.013713462401621723,0.02286236708451935,0.009614507366222996,0.04040147358399283,4.331377094282845
durlar,132728,DurLAR_20211209/ouster_points/data/0000000032.bin,DurLAR_20211209/ouster_points/data/0000000000.bin,alice_lri,2048,128,148508,148508,12,1.2150019199989401,1.1555849339993074,6.68095031370942e-07,1.3639835028480291e-06,1.2556106845372673e-07,2.746911486536778e-06,3.9434110244646856e-05,6.681377517816634e-07,1.3641627006277158e-06,1.2556106006932457e-07,2.7473158043687864e-06,3.943657518180553e-05,6.681163915763028e-07,1.3640731046805156e-06,1.2556106012663114e-07,2.7470582918205987e-06,3.943657518180553e-05
durlar,132728,DurLAR_20211209/ouster_points/data/0000000032.bin,DurLAR_20211209/ouster_points/data/0000000000.bin,pbea_native,2048,128,148508,140326,12,1.1401996489994417,1.1339490279997335,0.013474402470053574,0.019361559590737557,0.009026795926333884,0.03999338277105068,0.2795926042604717,0.014053255924185366,0.024060742534047774,0.009386421185937414,0.04036470238765716,2.60273327552573,0.013772027987708019,0.021903990133726084,0.009216468452722917,0.04011691856286355,2.60273327552573
durlar,147732,DurLAR_20211209/ouster_points/data/0000000033.bin,DurLAR_20211209/ouster_points/data/0000000000.bin,alice_lri,2048,128,148282,148282,12,1.2126368990002447,1.1575697970001784,6.634295341379167e-07,1.3526294093587342e-06,1.2130372686974462e-07,2.738171528504673e-06,5.8465091946589526e-05,6.634128767257581e-07,1.3524803229642741e-06,1.2128657422188802e-07,2.7381703080584416e-06,5.846831808310368e-05,6.634212054318373e-07,1.3525548682156492e-06,1.2130353713405877e-07,2.738171785198924e-06,5.846831808310368e-05
durlar,147732,DurLAR_20211209/ouster_points/data/0000000033.bin,DurLAR_20211209/ouster_points/data/0000000000.bin,pbea_native,2048,128,148282,140470,12,1.148789109000063,1.1427484699997876,0.01346016095754705,0.019307725634063414,0.009101701112302185,0.03969837833038589,0.277130774528729,0.01396779335928614,0.022579351269882968,0.009445059290612796,0.04015083738068958,1.7058616901526213,0.01372084399279763,0.021051399842164305,0.009271535102724509,0.03994450376832477,1.7058616901526213
durlar,145728,DurLAR_20211209/ouster_points/data/0000000034.bin,DurLAR_20211209/ouster_points/data/0000000000.bin,alice_lri,2048,128,148541,148541,12,1.2187428909992377,1.1631065339997804,6.747232979374648e-07,1.417121618702471e-06,1.2335612408064967e-07,2.7633634247593087e-06,3.393639127213664e-05,6.747365141590181e-07,1.4172473490682186e-06,1.2335612849386563e-07,2.763719713735362e-06,3.394400160955898e-05,6.747299060482415e-07,1.4171844852796698e-06,1.2335612628725766e-07,2.7633729103034143e-06,3.394400160955898e-05
durlar,145728,DurLAR_20211209/ouster_points/data/0000000034.bin,DurLAR_20211209/ouster_points/data/0000000000.bin,pbea_native,2048,128,148541,141024,12,1.1559838260000106,1.1494569939995927,0.013452358550159305,0.019279913080789787,0.009326591414074367,0.039872908379697355,0.20168941411779087,0.01381942153416442,0.02066240989743769,0.009588507256684444,0.040381675784532334,0.7270855119249687,0.013640654451622202,0.020001046539862514,0.009453689848872087,0.040148365064268526,0.7270855119249687
durlar,129729,DurLAR_20211209/ouster_points/data/0000000035.bin,DurLAR_20211209/ouster_points/data/0000000000.bin,alice_lri,2048,128,148483,148483,12,1.2087014969993106,1.1557517559995176,6.73171523559825e-07,1.4131364897169272e-06,1.2307523608185387e-07,2.741062071974914e-06,4.7066762399163223e-05,6.731601210671707e-07,1.4131215675450092e-06,1.2307523051297297e-07,2.741249724395652e-06,4.70738663951388e-05,6.731658223134979e-07,1.4131290286506648e-06,1.2307523329741342e-07,2.7412184905586556e-06,4.70738663951388e-05
durlar,129729,DurLAR_20211209/ouster_points/data/0000000035.bin,DurLAR_20211209/ouster_points/data/0000000000.bin,pbea_native,2048,128,148483,140998,12,1.1534462609988623,1.1471899049993226,0.013439267568518085,0.019255031936458902,0.009295868180839065,0.03992562678455319,0.1907958738884745,0.013868490542118138,0.023890290632422134,0.009616656432980713,0.04045099324124969,4.468417411486988,0.013659428182821119,0.02175630138284365,0.009456745203965975,0.040171993773270166,4.468417411486988
durlar,138731,DurLAR_20211209/ouster_points/data/0000000036.bin,DurLAR_20211209/ouster_points/data/0000000000.bin,alice_lri,2048,128,148317,148317,12,1.215565673999663,1.160786270999779,6.7687853580171e-07,1.4042126881008089e-06,1.2479790040920105e-07,2.792685078067784e-06,4.549770100840478e-05,6.768919328110201e-07,1.4043035957796469e-06,1.2479542424769184e-07,2.793336551626105e-06,4.5501637206053415e-05,6.76885234306365e-07,1.404258142675866e-06,1.247966965469133e-07,2.7931694809166074e-06,4.5501637206053415e-05
durlar,138731,DurLAR_20211209/ouster_points/data/0000000036.bin,DurLAR_20211209/ouster_points/data/0000000000.bin,pbea_native,2048,128,148317,140732,12,1.1521640199998728,1.145839347999754,0.013357434394045044,0.01911217923948353,0.009232811297546759,0.03935437171491299,0.22729252807550482,0.013727153485358303,0.027678794134268853,0.00950570591233679,0.039787087133460755,7.257942171832312,0.01354714488073176,0.023894660275875845,0.009369460704109657,0.03956399102408861,7.257942171832312
durlar,145729,DurLAR_20211209/ouster_points/data/0000000037.bin,DurLAR_20211209/ouster_points/data/0000000000.bin,alice_lri,2048,128,147877,147877,12,1.199787493000258,1.1466887480000878,6.783902638428463e-07,1.3876726815183973e-06,1.2259880311702824e-07,2.7901715244300353e-06,4.117620385509455e-05,6.783781002590756e-07,1.3876920187256444e-06,1.2260639242289846e-07,2.790090510702051e-06,4.1178626379724616e-05,6.783841820509609e-07,1.3876823501557035e-06,1.2260259776996335e-07,2.790151691779303e-06,4.1178626379724616e-05
durlar,145729,DurLAR_20211209/ouster_points/data/0000000037.bin,DurLAR_20211209/ouster_points/data/0000000000.bin,pbea_native,2048,128,147877,139889,12,1.1495119310002337,1.143075996999869,0.013354356227082014,0.019181150556130268,0.00895317377691679,0.03988356548089844,0.20250680112599875,0.013887996559347067,0.030514572208112305,0.00928047989924292,0.04003823878275449,8.542029874407188,0.013628582964828514,0.02563873983491909,0.009109818244029448,0.03996592233102056,8.542029874407188
durlar,146730,DurLAR_20211209/ouster_points/data/0000000038.bin,DurLAR_20211209/ouster_points/data/0000000000.bin,alice_lri,2048,128,148248,148248,12,1.2203639450008268,1.164620190000278,6.793866579368758e-07,1.412546586477069e-06,1.2303576302809545e-07,2.7686951009273006e-06,4.1702930213225534e-05,6.793961956481042e-07,1.412652830644702e-06,1.2303576247523737e-07,2.768695363864038e-06,4.170725214239264e-05,6.7939142679249e-07,1.4125997095597375e-06,1.2303576247523737e-07,2.768731901250135e-06,4.170725214239264e-05
durlar,146730,DurLAR_20211209/ouster_points/data/0000000038.bin,DurLAR_20211209/ouster_points/data/0000000000.bin,pbea_native,2048,128,148248,140502,12,1.1392261840001083,1.1332893210001203,0.013403076808784262,0.01924228587979449,0.009112175476648103,0.03954059199386404,0.2094727218086658,0.013884131532547412,0.024000983857581693,0.00940611952972786,0.04005809450468195,4.606362950955898,0.013650056551428206,0.021815511516860907,0.00925304872060061,0.03977638403288519,4.606362950955898
durlar,148728,DurLAR_20211209/ouster_points/data/0000000039.bin,DurLAR_20211209/ouster_points/data/0000000000.bin,alice_lri,2048,128,148353,148353,12,1.2044731910000337,1.1497603440002422,6.784643801631643e-07,1.4052066248766306e-06,1.2058273790547718e-07,2.7899135637613657e-06,3.3693181251597834e-05,6.7847846026918e-07,1.405316559557717e-06,1.2058255360467753e-07,2.7899123533352412e-06,3.371621637096572e-05,6.784714202161722e-07,1.405261593292208e-06,1.2058264575507735e-07,2.7900985974298337e-06,3.371621637096572e-05
durlar,148728,DurLAR_20211209/ouster_points/data/0000000039.bin,DurLAR_20211209/ouster_points/data/0000000000.bin,pbea_native,2048,128,148353,140692,12,1.1515749889995277,1.145104082999751,0.013421334656963798,0.01923217082354253,0.00920907499720125,0.03966299345962031,0.28350154702441044,0.013781487241169739,0.020660358784983412,0.009477546681133943,0.04019622569312592,0.6967928917476692,0.013606183785385684,0.01997794895932048,0.009338792733572425,0.0399028179486215,0.6967928917476692
durlar,134728,DurLAR_20211209/ouster_points/data/0000000040.bin,DurLAR_20211209/ouster_points/data/0000000000.bin,alice_lri,2048,128,148418,148418,12,1.2164411139992808,1.162013131999629,6.774865482322875e-07,1.3991699297044122e-06,1.2202818763679802e-07,2.7952742738644898e-06,3.3877854280040175e-05,6.775191757266474e-07,1.3993577744182569e-06,1.2203306078533933e-07,2.7952875631431533e-06,3.388150042118566e-05,6.775028619794677e-07,1.3992638552134952e-06,1.2203241548129927e-07,2.7952791423456353e-06,3.388150042118566e-05
durlar,134728,DurLAR_20211209/ouster_points/data/0000000040.bin,DurLAR_20211209/ouster_points/data/0000000000.bin,pbea_native,2048,128,148418,140776,12,1.143174177000219,1.137388645000101,0.013439301229878079,0.019327416052381582,0.009163559568103108,0.03972956772344841,0.2829161320151814,0.013828580668895918,0.020929871295979997,0.009446612928727796,0.04026060253798966,1.0922104899164502,0.013639084336651211,0.020165728657210967,0.009302245059311539,0.040025440473196484,1.0922104899164502
durlar,146731,DurLAR_20211209/ouster_points/data/0000000041.bin,DurLAR_20211209/ouster_points/data/0000000000.bin,alice_lri,2048,128,148473,148473,12,1.2121732269997665,1.1584194659999412,6.824681983606381e-07,1.422564287347507e-06,1.219838617764082e-07,2.806586405497736e-06,7.242417832617629e-05,6.825101184698974e-07,1.4227911106771062e-06,1.219838585681162e-07,2.8065725840964817e-06,7.242743606838744e-05,6.824891584152677e-07,1.422677703532728e-06,1.219838601722622e-07,2.806734024646201e-06,7.242743606838744e-05
durlar,146731,DurLAR_20211209/ouster_points/data/0000000041.bin,DurLAR_20211209/ouster_points/data/0000000000.bin,pbea_native,2048,128,148473,140962,12,1.1493862790002822,1.1429015490002712,0.013413774320363558,0.01925550771723121,0.009304488667317787,0.04006719810138969,0.2786280821195973,0.013886429571770912,0.021106295293320494,0.009612376546362723,0.040609392452292614,0.7371357295465766,0.013656234780025329,0.020226082348790603,0.009466877845568804,0.04046880852246949,0.7371357295465766
durlar,147733,DurLAR_20211209/ouster_points/data/0000000042.bin,DurLAR_20211209/ouster_points/data/0000000000.bin,alice_lri,2048,128,148478,148478,12,1.2102985659994374,1.156384168999466,6.782220944864381e-07,1.3885603450776403e-06,1.2519532812867593e-07,2.8085604876399406e-06,3.501183116660343e-05,6.782181674046091e-07,1.3885972991785886e-06,1.2519534452681837e-07,2.8085552336579343e-06,3.5020251646290814e-05,6.782201309455236e-07,1.3885788222510464e-06,1.2519532812867593e-07,2.8085650007793302e-06,3.5020251646290814e-05
durlar,147733,DurLAR_20211209/ouster_points/data/0000000042.bin,DurLAR_20211209/ouster_points/data/0000000000.bin,pbea_native,2048,128,148478,141036,12,1.1402068699990195,1.1343993219998083,0.01342606585783669,0.01925813609378876,0.009308880845476868,0.03991962060244214,0.27342429913947025,0.013811870101053012,0.02104541924248103,0.009571462935430382,0.040482458028836335,0.8258456229460515,0.013623926556885001,0.020194518043426816,0.009445488498824036,0.04017324753988165,0.8258456229460515
durlar,128729,DurLAR_20211209/ouster_points/data/0000000043.bin,DurLAR_20211209/ouster_points/data/0000000000.bin,alice_lri,2048,128,148710,148710,12,1.2017852030003269,1.147820361000413,6.777014743634231e-07,1.4166157800157304e-06,1.2117769931684548e-07,2.7896795122382347e-06,4.259573638250534e-05,6.776956830577087e-07,1.4167004468619022e-06,1.211777357972285e-07,2.7893640680735085e-06,4.25961407301214e-05,6.776985787105659e-07,1.4166581140713325e-06,1.2117769931684548e-07,2.7894846503723715e-06,4.25961407301214e-05
durlar,128729,DurLAR_20211209/ouster_points/data/0000000043.bin,DurLAR_20211209/ouster_points/data/0000000000.bin,pbea_native,2048,128,148710,140745,12,1.1547955400001229,1.1490232500000275,0.01341260242356602,0.019260454679784492,0.009051015544471578,0.03976664186312317,0.27044781580044513,0.013941665069556783,0.02176693313596275,0.009393208859267331,0.040184036793294964,1.4110255880956548,0.013684412915992431,0.020586332927096482,0.009211500523309577,0.039923726774611035,1.4110255880956548
durlar,126729,DurLAR_20211209/ouster_points/data/0000000044.bin,DurLAR_20211209/ouster_points/data/0000000000.bin,alice_lri,2048,128,148525,148525,12,1.222088378999615,1.167085123999641,6.790853098663023e-07,1.391643417987854e-06,1.2498194725446028e-07,2.790715299853983e-06,4.557486566856243e-05,6.790633667270222e-07,1.3916116847410024e-06,1.2498198647993713e-07,2.79146074327009e-06,4.5577733866320354e-05,6.790743382966622e-07,1.3916275514548798e-06,1.2498196686719872e-07,2.791393953443549e-06,4.5577733866320354e-05
durlar,126729,DurLAR_20211209/ouster_points/data/0000000044.bin,DurLAR_20211209/ouster_points/data/0000000000.bin,pbea_native,2048,128,148525,140796,12,1.1726835029994618,1.166338531999827,0.013460741890445788,0.01934428690930462,0.00916302251656223,0.03954349250052419,0.2176106709044397,0.01395251787642295,0.02431749323348482,0.009473712466184697,0.04013321670116099,4.393964379866015,0.01371319860225467,0.0220379516366624,0.00931657925806145,0.03983265102932387,4.393964379866015
durlar,147734,DurLAR_20211209/ouster_points/data/0000000045.bin,DurLAR_20211209/ouster_points/data/0000000000.bin,alice_lri,2048,128,148489,148489,12,1.226035554000191,1.1632287850006833,6.803545306182355e-07,1.4056957533241024e-06,1.228198402174291e-07,2.8371680217804897e-06,4.6334271663824195e-05,6.803593606267703e-07,1.4056348764724509e-06,1.2281982069234543e-07,2.837206859879554e-06,4.633692446611068e-05,6.803569456225029e-07,1.4056653152278351e-06,1.2281983045488727e-07,2.8372589627868592e-06,4.633692446611068e-05
durlar,147734,DurLAR_20211209/ouster_points/data/0000000045.bin,DurLAR_20211209/ouster_points/data/0000000000.bin,pbea_native,2048,128,148489,140944,12,1.1554865739999514,1.1489002630005416,0.013420318126446932,0.01925710993271164,0.009195678587160699,0.03958508986824076,0.2711502912388032,0.013876241539548861,0.021489675015485172,0.009470734545570743,0.04043679705344132,1.5957675120289188,0.013654222386459068,0.02043298603112759,0.009324727234220868,0.04002984676587852,1.5957675120289188
durlar,138732,DurLAR_20211209/ouster_points/data/0000000046.bin,DurLAR_20211209/ouster_points/data/0000000000.bin,alice_lri,2048,128,148688,148688,12,1.2212035890006518,1.1565641600009258,6.814309807469155e-07,1.412127593467733e-06,1.240985489121807e-07,2.791746457950885e-06,6.221515875298301e-05,6.814115971771897e-07,1.4115652987231653e-06,1.2409655849213177e-07,2.791763658886582e-06,6.221784584867328e-05,6.814212889620526e-07,1.4118464740885232e-06,1.2409829011357123e-07,2.7917628715471653e-06,6.221784584867328e-05
durlar,138732,DurLAR_20211209/ouster_points/data/0000000046.bin,DurLAR_20211209/ouster_points/data/0000000000.bin,pbea_native,2048,128,148688,141069,12,1.1458770240005833,1.139991269001257,0.013507858023933244,0.01942066307270647,0.009328595721484149,0.03992780765603094,0.27477439015576305,0.01392274019885152,0.022108296686032192,0.009587978746149218,0.040479300137631374,2.4400077704714747,0.013720753660015373,0.02084314973121357,0.009449759829050303,0.040229353439907814,2.4400077704714747
durlar,147735,DurLAR_20211209/ouster_points/data/0000000047.bin,DurLAR_20211209/ouster_points/data/0000000000.bin,alice_lri,2048,128,148504,148504,12,1.222375211000326,1.1690919040011067,6.850530727999676e-07,1.4160071512622673e-06,1.2478873625339675e-07,2.8370301727772627e-06,4.6205416708719874e-05,6.85060146431991e-07,1.4160667911528024e-06,1.247887147314794e-07,2.837026609734284e-06,4.620822420213042e-05,6.850566096159794e-07,1.4160369715215201e-06,1.2478873454331955e-07,2.8370312669308e-06,4.620822420213042e-05
durlar,147735,DurLAR_20211209/ouster_points/data/0000000047.bin,DurLAR_20211209/ouster_points/data/0000000000.bin,pbea_native,2048,128,148504,140876,12,1.147569590000785,1.1418352900000173,0.013454050681379188,0.019360142348032593,0.009293200063026098,0.039933658296279456,0.31290927042461736,0.01382302944276498,0.021224383739785684,0.00958796747204193,0.040548573693931465,0.9858597000382832,0.01364340316593526,0.020338189970776376,0.009435769674414162,0.040234431828618945,0.9858597000382832
durlar,126730,DurLAR_20211209/ouster_points/data/0000000048.bin,DurLAR_20211209/ouster_points/data/0000000000.bin,alice_lri,2048,128,148169,148169,12,1.2025144540002657,1.154695676999836,6.967829217857042e-07,1.3888393442098193e-06,1.2799411587148117e-07,2.8510330482569694e-06,3.150825617288059e-05,6.968253542371554e-07,1.3889667250067249e-06,1.2799402238637572e-07,2.8510309272807283e-06,3.151335020933364e-05,6.968041380114297e-07,1.3889030360685855e-06,1.2799406912892843e-07,2.8510615215222786e-06,3.151335020933364e-05
durlar,126730,DurLAR_20211209/ouster_points/data/0000000048.bin,DurLAR_20211209/ouster_points/data/0000000000.bin,pbea_native,2048,128,148169,140546,12,1.1536662849994173,1.146942768998997,0.013247936461933405,0.018878208470074116,0.009192550409220276,0.038675944944042,0.2534448070508148,0.013788036930478732,0.024416021575360856,0.009470353242079827,0.0391740847349033,2.376550173112864,0.013525116886656377,0.021895880586057393,0.009322141738169684,0.038898421147808136,2.376550173112864
durlar,149730,DurLAR_20211209/ouster_points/data/0000000049.bin,DurLAR_20211209/ouster_points/data/0000000000.bin,alice_lri,2048,128,147467,147467,12,1.2047959939991415,1.152189628999622,7.313237144383044e-07,1.4999219884292549e-06,1.3615743286567413e-07,2.9329180253335556e-06,0.00010500918716255718,7.313305983933393e-07,1.5000262444618248e-06,1.36163785902704e-07,2.9329641194491135e-06,0.00010502108059008086,7.313271564158218e-07,1.4999741173513322e-06,1.3616190971488407e-07,2.9329612441199993e-06,0.00010502108059008086
durlar,149730,DurLAR_20211209/ouster_points/data/0000000049.bin,DurLAR_20211209/ouster_points/data/0000000000.bin,pbea_native,2048,128,147467,139752,12,1.1446091260004323,1.1381996119998803,0.013154322556510108,0.01878945858694325,0.00912285359307629,0.03826710509352076,0.2495510250929385,0.01366619646623958,0.02163785538604594,0.009463633320841389,0.03873820506337953,0.9799147335597325,0.0134171342432233,0.02030189239293829,0.009288138589937014,0.0386013016776154,0.9799147335597325
durlar,146732,DurLAR_20211209/ouster_points/data/0000000050.bin,DurLAR_20211209/ouster_points/data/0000000000.bin,alice_lri,2048,128,147256,147256,12,1.1902456970001367,1.1407522459994652,7.464064026287688e-07,1.4975363899278448e-06,1.3877533139364192e-07,2.939175312098637e-06,5.8408864838138285e-05,7.464357207248727e-07,1.4976784800652725e-06,1.3878086447844692e-07,2.9391589497011106e-06,5.841179938321275e-05,7.464210616768207e-07,1.4976074366817139e-06,1.3877905998167988e-07,2.9391791297942054e-06,5.841179938321275e-05
durlar,146732,DurLAR_20211209/ouster_points/data/0000000050.bin,DurLAR_20211209/ouster_points/data/0000000000.bin,pbea_native,2048,128,147256,139218,12,1.1265172969997366,1.1206403969990788,0.013145568565784851,0.018874145441722844,0.008869003241728807,0.038210637427162554,0.2575495297169128,0.013574598283338048,0.020051862790756273,0.009288147112678277,0.03881325082740912,0.5106557981924584,0.013366102366716221,0.01948841799464182,0.009098360382031396,0.03855717923613876,0.5106557981924584
durlar,140731,DurLAR_20211209/ouster_points/data/0000000051.bin,DurLAR_20211209/ouster_points/data/0000000000.bin,alice_lri,2048,128,146775,146775,12,1.187559522999436,1.135166300000492,7.535514762785638e-07,1.508752514423268e-06,1.4120215100067396e-07,2.988439620547446e-06,4.596875541391834e-05,7.535783655231124e-07,1.5088784415356843e-06,1.411874467668563e-07,2.9885085223615912e-06,4.597045870251764e-05,7.53564920900838e-07,1.5088154792932252e-06,1.4119479888376514e-07,2.9885036840181063e-06,4.597045870251764e-05
durlar,140731,DurLAR_20211209/ouster_points/data/0000000051.bin,DurLAR_20211209/ouster_points/data/0000000000.bin,pbea_native,2048,128,146775,139010,12,1.1360337160003837,1.1296970920011518,0.01305299766055361,0.018582704962864446,0.009043757962326485,0.037737562489942235,0.24060208885637208,0.01357941325134506,0.02138969131609986,0.009393882244419218,0.038348332712689524,1.0525961042370764,0.013323357015797638,0.020073420646041965,0.00921988084264115,0.03806243379947972,1.0525961042370764
durlar,144728,DurLAR_20211209/ouster_points/data/0000000052.bin,DurLAR_20211209/ouster_points/data/0000000000.bin,alice_lri,2048,128,146772,146772,12,1.1966550550005195,1.142552342000272,7.532150621441138e-07,1.4796567934900675e-06,1.3922365598624516e-07,3.0021321223384255e-06,3.580948874206415e-05,7.5322047817616e-07,1.4797843467930792e-06,1.3919070845299877e-07,3.0020008007421014e-06,3.58110669623523e-05,7.532177701601369e-07,1.4797205715159752e-06,1.392099010712955e-07,3.002095132752743e-06,3.58110669623523e-05
durlar,144728,DurLAR_20211209/ouster_points/data/0000000052.bin,DurLAR_20211209/ouster_points/data/0000000000.bin,pbea_native,2048,128,146772,138985,12,1.1354425720001018,1.129838804999963,0.013115129969976616,0.018752118899020925,0.009058073503165108,0.03797387558572271,0.2566897315626877,0.013619654212551034,0.021279569601456393,0.009361609857609879,0.0386222274788077,0.9955987647328203,0.01337426634154803,0.020090037238430856,0.009210629863794076,0.03828272835532382,0.9955987647328203
durlar,134729,DurLAR_20211209/ouster_points/data/0000000053.bin,DurLAR_20211209/ouster_points/data/0000000000.bin,alice_lri,2048,128,146613,146613,12,1.2028895910007122,1.1470088259993645,7.563838185281979e-07,1.4580999760423197e-06,1.4409390769943894e-07,3.0031236030013157e-06,3.470413517114391e-05,7.563273128617173e-07,1.4576330677752785e-06,1.440941788736421e-07,3.0033914569750097e-06,3.470550163427529e-05,7.563555656949576e-07,1.4578665406007818e-06,1.4409404328654052e-07,3.0032728850084105e-06,3.470550163427529e-05
durlar,134729,DurLAR_20211209/ouster_points/data/0000000053.bin,DurLAR_20211209/ouster_points/data/0000000000.bin,pbea_native,2048,128,146613,138684,12,1.1382898650008428,1.1318754270014324,0.013095435876849462,0.018662448008725834,0.009021010490191972,0.03817883348889742,0.24121030455573486,0.013535079993784891,0.021214601931990113,0.009325968134943479,0.03827187271893485,1.1288483511113219,0.013321367249826585,0.020014679209245344,0.009177043678335538,0.03822917173232765,1.1288483511113219
durlar,131730,DurLAR_20211209/ouster_points/data/0000000054.bin,DurLAR_20211209/ouster_points/data/0000000000.bin,alice_lri,2048,128,146112,146112,12,1.1930102940004872,1.1374952140013193,7.766832855749178e-07,1.506964423858174e-06,1.4968737476080316e-07,3.0922709831544204e-06,3.144506302178268e-05,7.767255914327401e-07,1.507102389423655e-06,1.497225390720624e-07,3.0922572332790137e-06,3.1446158718992786e-05,7.767044385038289e-07,1.5070334082197197e-06,1.4971598362477863e-07,3.0923040730719223e-06,3.1446158718992786e-05
durlar,131730,DurLAR_20211209/ouster_points/data/0000000054.bin,DurLAR_20211209/ouster_points/data/0000000000.bin,pbea_native,2048,128,146112,138395,12,1.1168179430005694,1.1111150970009476,0.013053162050138511,0.018879301803959497,0.008486957822850971,0.03753617098820449,0.18777394260630448,0.013507419716421038,0.020967212549943205,0.008882833410119643,0.03845146185379235,1.588809151661125,0.013286451551401655,0.019978847007323167,0.008692312642293797,0.037990919242221595,1.588809151661125
durlar,133729,DurLAR_20211209/ouster_points/data/0000000055.bin,DurLAR_20211209/ouster_points/data/0000000000.bin,alice_lri,2048,128,146316,146316,12,1.1927554399990186,1.138582695999503,7.921643984928947e-07,1.5481546022798158e-06,1.511073537985671e-07,3.0977916344548856e-06,4.605866766187235e-05,7.921267292823658e-07,1.5479660232883672e-06,1.5110733228882806e-07,3.098065093674742e-06,4.606013177553856e-05,7.921455638876303e-07,1.548060315655591e-06,1.511073537985671e-07,3.0980237469373713e-06,4.606013177553856e-05
durlar,133729,DurLAR_20211209/ouster_points/data/0000000055.bin,DurLAR_20211209/ouster_points/data/0000000000.bin,pbea_native,2048,128,146316,138347,12,1.1334440350001387,1.127603717999591,0.013091964238685885,0.018722864514490754,0.008995520768113033,0.03792165332128326,0.2527493439004953,0.013558522885925881,0.020698577981571546,0.009319636321500648,0.03836126234576477,1.0151952402204099,0.013331774101680259,0.01976306088973606,0.009161612838370081,0.03822569604898235,1.0151952402204099
durlar,131731,DurLAR_20211209/ouster_points/data/0000000056.bin,DurLAR_20211209/ouster_points/data/0000000000.bin,alice_lri,2048,128,146309,146309,12,1.1893476560017007,1.1407305040011124,8.092890741944815e-07,1.5641024729265184e-06,1.5624242605197208e-07,3.21511013002672e-06,3.886651173413646e-05,8.093070843127635e-07,1.5641758096280032e-06,1.5624242669363903e-07,3.2151053382452936e-06,3.886856824842776e-05,8.092980792536225e-07,1.5641391417070715e-06,1.5624242637280555e-07,3.2151743411864228e-06,3.886856824842776e-05
durlar,131731,DurLAR_20211209/ouster_points/data/0000000056.bin,DurLAR_20211209/ouster_points/data/0000000000.bin,pbea_native,2048,128,146309,138485,12,1.1301655610022863,1.1238257540007908,0.01304631254437632,0.018626517184945478,0.008849364587886202,0.03729128293548335,0.25900074282109503,0.013485543699950545,0.020547621717993427,0.009229884081914861,0.03763441981807943,0.8512099140115666,0.013271961508683535,0.01963694750618344,0.009049391874820905,0.03732619297408467,0.8512099140115666
durlar,127730,DurLAR_20211209/ouster_points/data/0000000057.bin,DurLAR_20211209/ouster_points/data/0000000000.bin,alice_lri,2048,128,146220,146220,12,1.1869849529994099,1.1349881690002803,8.217243696930692e-07,1.5688639174762839e-06,1.6176659719909932e-07,3.2624068221355455e-06,4.545288076839227e-05,8.217556699723093e-07,1.5689697195475156e-06,1.6176657686925345e-07,3.2621497753534494e-06,4.545655882893888e-05,8.217400198326893e-07,1.5689168194037633e-06,1.6176659719909932e-07,3.2624048160844136e-06,4.545655882893888e-05
durlar,127730,DurLAR_20211209/ouster_points/data/0000000057.bin,DurLAR_20211209/ouster_points/data/0000000000.bin,pbea_native,2048,128,146220,138403,12,1.126255029999811,1.1204448919997958,0.012964518576903967,0.018420489491066394,0.008968385836745208,0.03676082988754654,0.21557046378237782,0.013346539071513773,0.019914658881136374,0.009245865294460247,0.0375995550584261,0.7140944959001865,0.013160774806097834,0.019202619749182068,0.009106730877431827,0.03720428510800603,0.7140944959001865
durlar,142730,DurLAR_20211209/ouster_points/data/0000000058.bin,DurLAR_20211209/ouster_points/data/0000000000.bin,alice_lri,2048,128,146312,146312,12,1.18842573099937,1.138748747000136,8.519184982501715e-07,1.6208477789042042e-06,1.7181335413937611e-07,3.392165619280365e-06,5.994020471494443e-05,8.519271150274901e-07,1.6208299627925646e-06,1.7181336255960692e-07,3.3921583829914164e-06,5.994370848057981e-05,8.519228066388307e-07,1.6208388708728634e-06,1.7181335413937611e-07,3.3921814876762675e-06,5.994370848057981e-05
durlar,142730,DurLAR_20211209/ouster_points/data/0000000058.bin,DurLAR_20211209/ouster_points/data/0000000000.bin,pbea_native,2048,128,146312,138620,12,1.1189781260000018,1.112769641000341,0.012951225243879037,0.018457243238916742,0.00892279610595432,0.036824613010161614,0.20812945940895025,0.013383940567973256,0.019840499590124797,0.009249826931199441,0.03698479397016195,0.815268417672158,0.013173423678940291,0.019180007516204182,0.009088225150282831,0.036893331656774254,0.815268417672158
durlar,137728,DurLAR_20211209/ouster_points/data/0000000059.bin,DurLAR_20211209/ouster_points/data/0000000000.bin,alice_lri,2048,128,146284,146284,12,1.2326091909999377,1.146007080000345,8.66852561455182e-07,1.6486717697651782e-06,1.751705296740502e-07,3.433058828553151e-06,6.301302604689287e-05,8.668594584288632e-07,1.6486920298169052e-06,1.7519269778693057e-07,3.43306539226229e-06,6.301589451882836e-05,8.668560099420226e-07,1.6486818998221629e-06,1.7519113247928862e-07,3.4330897923835615e-06,6.301589451882836e-05
durlar,137728,DurLAR_20211209/ouster_points/data/0000000059.bin,DurLAR_20211209/ouster_points/data/0000000000.bin,pbea_native,2048,128,146284,138608,12,1.1252657050008565,1.1193815490005363,0.012893299816406141,0.018417715990806906,0.00880462112055998,0.03681222893223634,0.1894198002650569,0.013280785700047404,0.019698463385124272,0.009132459356350592,0.03694422859659808,1.0381862618703062,0.013092262879611068,0.019086081713334344,0.00897166248120089,0.03685805440952291,1.0381862618703062
durlar,134730,DurLAR_20211209/ouster_points/data/0000000060.bin,DurLAR_20211209/ouster_points/data/0000000000.bin,alice_lri,2048,128,146760,146760,12,1.1920408139994834,1.1439081909993547,8.587199967288334e-07,1.6469388461930305e-06,1.7029789875727496e-07,3.3902011266573787e-06,3.641199433017388e-05,8.587389111299417e-07,1.6470343450894713e-06,1.7029781977773444e-07,3.390471751779092e-06,3.641470211916383e-05,8.587294539293877e-07,1.646986596333427e-06,1.7029781977773444e-07,3.390470264490157e-06,3.641470211916383e-05
durlar,134730,DurLAR_20211209/ouster_points/data/0000000060.bin,DurLAR_20211209/ouster_points/data/0000000000.bin,pbea_native,2048,128,146760,139053,12,1.1286257129995647,1.1228795829993032,0.012917824221424953,0.018596316996197643,0.008725698087187872,0.03730055620186492,0.19502609143805114,0.013389852873682823,0.020322182664221904,0.009073308750747555,0.037390359763574674,1.0678553637605206,0.013160202717173448,0.01950160652702733,0.008897490937253338,0.03734708787618243,1.0678553637605206
durlar,126731,DurLAR_20211209/ouster_points/data/0000000061.bin,DurLAR_20211209/ouster_points/data/0000000000.bin,alice_lri,2048,128,146758,146758,12,1.1952587680007127,1.1373737339999934,8.43673677223761e-07,1.6516532892890261e-06,1.642397307702858e-07,3.2773941274589433e-06,4.583053683548828e-05,8.436901370735266e-07,1.6517459379536933e-06,1.6425080767026545e-07,3.2776748208836274e-06,4.5833068890242353e-05,8.436819071486438e-07,1.6516996142709765e-06,1.6424954392065445e-07,3.277639196131892e-06,4.5833068890242353e-05
durlar,126731,DurLAR_20211209/ouster_points/data/0000000061.bin,DurLAR_20211209/ouster_points/data/0000000000.bin,pbea_native,2048,128,146758,138742,12,1.1339655789997778,1.128247224000006,0.012845240278589572,0.01851695465374428,0.008329126049527388,0.03734665862883381,0.17059231593764593,0.013292092580948973,0.019726143354833615,0.008672326308800004,0.03819683774925881,0.4909525203745818,0.01307493957872849,0.01914806402894811,0.008509041328795243,0.03782478007534229,0.4909525203745818
durlar,149731,DurLAR_20211209/ouster_points/data/0000000062.bin,DurLAR_20211209/ouster_points/data/0000000000.bin,alice_lri,2048,128,146992,146992,12,1.1970186500020645,1.1397641300009127,8.430022190097952e-07,1.656878834215892e-06,1.6587884039796228e-07,3.1648375649487638e-06,9.8760710320239e-05,8.43000857368132e-07,1.6567386166754368e-06,1.6592180917170172e-07,3.1648610430584616e-06,9.876892841445943e-05,8.430015381889635e-07,1.65680872692901e-06,1.6590143339677848e-07,3.1648775367078724e-06,9.876892841445943e-05
durlar,149731,DurLAR_20211209/ouster_points/data/0000000062.bin,DurLAR_20211209/ouster_points/data/0000000000.bin,pbea_native,2048,128,146992,139079,12,1.1249083049988258,1.1192145829991205,0.012877103459656935,0.018617325967309133,0.008387930733458004,0.03764790638737733,0.20253294169882805,0.013361004933147048,0.021467822653235796,0.008774373869312325,0.03842980184676792,2.213396180746402,0.01312574678733174,0.020132471892365604,0.008582320274829042,0.03807699040120292,2.213396180746402
durlar,139729,DurLAR_20211209/ouster_points/data/0000000063.bin,DurLAR_20211209/ouster_points/data/0000000000.bin,alice_lri,2048,128,146718,146718,12,1.1972686579993024,1.14053454399982,8.612746834975688e-07,1.6763298912312564e-06,1.6951328479524002e-07,3.164738323168594e-06,5.568598654338234e-05,8.612973489670372e-07,1.6764061461976145e-06,1.6952195993594725e-07,3.164734760475033e-06,5.569034728042298e-05,8.612860162323031e-07,1.6763680191480231e-06,1.695147166004678e-07,3.164774731172703e-06,5.569034728042298e-05
durlar,139729,DurLAR_20211209/ouster_points/data/0000000063.bin,DurLAR_20211209/ouster_points/data/0000000000.bin,pbea_native,2048,128,146718,138866,12,1.1247441510004137,1.11892459199953,0.012780782041280855,0.01850742343063466,0.008387507243056988,0.037124640585192076,0.27288713407283843,0.013315556666701017,0.021632310369677915,0.008764222097842295,0.03833350442473417,3.177152613837367,0.0130555210444897,0.020173376915764093,0.008585000865477612,0.037672216558187074,3.177152613837367
durlar,143730,DurLAR_20211209/ouster_points/data/0000000064.bin,DurLAR_20211209/ouster_points/data/0000000000.bin,alice_lri,2048,128,146718,146718,12,1.1979292279993388,1.1364485039994179,8.723642924308415e-07,1.7209025275609112e-06,1.7337532305124405e-07,3.1146357268791694e-06,4.5590640217551366e-05,8.723536015842161e-07,1.720810910830933e-06,1.7337104781845322e-07,3.1146355539766954e-06,4.5593544975978965e-05,8.723589470075288e-07,1.7208567198056204e-06,1.733752363147572e-07,3.1146484769580517e-06,4.5593544975978965e-05
durlar,143730,DurLAR_20211209/ouster_points/data/0000000064.bin,DurLAR_20211209/ouster_points/data/0000000000.bin,pbea_native,2048,128,146718,138941,12,1.1166770629988605,1.1109747709997464,0.012699898495108577,0.018379290392340555,0.008158917598689268,0.036520667679598565,0.15747404044555943,0.01321446686936822,0.020153322457169096,0.008495322275206586,0.03775435853109972,0.9098393757501175,0.012964187184541173,0.01931082280159679,0.008322771395780328,0.03709717104286297,0.9098393757501175
durlar,149732,DurLAR_20211209/ouster_points/data/0000000065.bin,DurLAR_20211209/ouster_points/data/0000000000.bin,alice_lri,2048,128,147411,147411,12,1.2003669650002848,1.1451302060013404,9.156788377220868e-07,1.8781234174532209e-06,1.7751386454740806e-07,3.2105952101631042e-06,4.566357275708529e-05,9.157044379661245e-07,1.878237766619164e-06,1.775152151146336e-07,3.210743535239612e-06,4.566632002676845e-05,9.156916378441055e-07,1.8781805929064315e-06,1.775144531538932e-07,3.2107003465621946e-06,4.566632002676845e-05
durlar,149732,DurLAR_20211209/ouster_points/data/0000000065.bin,DurLAR_20211209/ouster_points/data/0000000000.bin,pbea_native,2048,128,147411,139771,12,1.1375377160002245,1.1311126820000936,0.012618965853427045,0.018434375951235246,0.007999257599542422,0.03671574649085304,0.165889751448159,0.013047570935084,0.02095218320339128,0.008294816666339553,0.037385327602101275,1.8714368034425966,0.012838969557322602,0.019766871165109976,0.008143725203347172,0.03709771678451381,1.8714368034425966
durlar,129730,DurLAR_20211209/ouster_points/data/0000000066.bin,DurLAR_20211209/ouster_points/data/0000000000.bin,alice_lri,2048,128,148104,148104,12,1.2159299009981623,1.145867166998869,9.715890552458945e-07,2.02126147556228e-06,1.8639306246664052e-07,3.4815708600738583e-06,3.6425829909726815e-05,9.716596990446833e-07,2.0215741329024205e-06,1.8639305219852768e-07,3.481561725233684e-06,3.642884196738295e-05,9.71624377145289e-07,2.021417810277279e-06,1.8639306246664052e-07,3.4816160386022038e-06,3.642884196738295e-05
durlar,129730,DurLAR_20211209/ouster_points/data/0000000066.bin,DurLAR_20211209/ouster_points/data/0000000000.bin,pbea_native,2048,128,148104,140687,12,1.1357240170000296,1.1299378630010324,0.012464827571616781,0.018295907898179985,0.007812831525873401,0.03592950341437105,0.16859025602862016,0.012935017530831643,0.029933071745743892,0.008107180601844675,0.03709191589085514,8.819755424273486,0.012705960479912253,0.024951388125183015,0.007956331852837823,0.03653905226248401,8.819755424273486
durlar,128730,DurLAR_20211209/ouster_points/data/0000000067.bin,DurLAR_20211209/ouster_points/data/0000000000.bin,alice_lri,2048,128,147297,147297,12,1.2187349009982427,1.1426051829985227,9.660793547360088e-07,1.9350057139675136e-06,1.8903636326583514e-07,3.5097702573686163e-06,3.3559461857142254e-05,9.661035678470764e-07,1.9350775073933762e-06,1.8900520740910244e-07,3.5098274317683143e-06,3.35614559477372e-05,9.660914612915426e-07,1.9350416110134026e-06,1.890206063031722e-07,3.509771260679106e-06,3.35614559477372e-05
durlar,128730,DurLAR_20211209/ouster_points/data/0000000067.bin,DurLAR_20211209/ouster_points/data/0000000000.bin,pbea_native,2048,128,147297,140082,12,1.1367097699985607,1.1302091229990765,0.012448622330250049,0.018284371878855895,0.007853372574106711,0.0356700005387718,0.19155731491743047,0.012871701683588175,0.019474587871595787,0.008112195791607206,0.03673944058665802,0.8714215787909695,0.012665472968287782,0.018903784466629117,0.007976914067242232,0.03609565533755512,0.8714215787909695
durlar,136729,DurLAR_20211209/ouster_points/data/0000000068.bin,DurLAR_20211209/ouster_points/data/0000000000.bin,alice_lri,2048,128,146701,146701,12,1.205044746000567,1.1479439979993913,9.525576684901656e-07,3.3664513347289194e-06,1.8825685042110738e-07,3.509770420038581e-06,0.001090437087526257,9.525849341574655e-07,3.366485606115519e-06,1.8825684601780862e-07,3.509608869803114e-06,0.0010904311165422424,9.525713013238155e-07,3.3664684704658305e-06,1.88256848219458e-07,3.5097628105029748e-06,0.001090437087526257
durlar,136729,DurLAR_20211209/ouster_points/data/0000000068.bin,DurLAR_20211209/ouster_points/data/0000000000.bin,pbea_native,2048,128,146701,139813,12,1.1287471289979294,1.1223580339992623,0.012334530861699677,0.018196697889922914,0.007651635232115843,0.03573635386085549,0.18318528181501717,0.012805683122078165,0.02861145024927807,0.007922324473786786,0.036624986225943255,8.080590604333166,0.012575770409330108,0.024098284502559845,0.007787001119429312,0.03634696214564681,8.080590604333166
durlar,141730,DurLAR_20211209/ouster_points/data/0000000069.bin,DurLAR_20211209/ouster_points/data/0000000000.bin,alice_lri,2048,128,145884,145884,12,1.183010231998196,1.1243530269985058,9.455281713632443e-07,1.7833573852615937e-06,1.8823387332807958e-07,3.5232537760875322e-06,3.5317649125624984e-05,9.455458072111017e-07,1.7834425840268764e-06,1.882309539548874e-07,3.523250036493893e-06,3.532278044759897e-05,9.45536989287173e-07,1.7833999851530125e-06,1.882321808429729e-07,3.5233076649333444e-06,3.532278044759897e-05
durlar,141730,DurLAR_20211209/ouster_points/data/0000000069.bin,DurLAR_20211209/ouster_points/data/0000000000.bin,pbea_native,2048,128,145884,139191,12,1.1133238330003223,1.1075163170007727,0.012303094076297382,0.018241552230020556,0.007557028372320534,0.03598489745125355,0.26632080494245536,0.012674356395867387,0.0192456033182315,0.00782309401447906,0.036791472895039486,0.43287877422620324,0.012493083490409987,0.01876207830901243,0.0076886577645196965,0.03615264449450319,0.43287877422620324
durlar,149733,DurLAR_20211209/ouster_points/data/0000000070.bin,DurLAR_20211209/ouster_points/data/0000000000.bin,alice_lri,2048,128,145402,145402,12,1.1863707529992098,1.1324856219998765,9.142539966546566e-07,1.705546083718421e-06,1.8358094638650767e-07,3.4848182924623592e-06,5.8219968278412466e-05,9.142909197520298e-07,1.7056849690683867e-06,1.835729525029364e-07,3.484813756997578e-06,5.82220364682754e-05,9.142724582033429e-07,1.7056155278070535e-06,1.835729843469283e-07,3.484820688091735e-06,5.82220364682754e-05
durlar,149733,DurLAR_20211209/ouster_points/data/0000000070.bin,DurLAR_20211209/ouster_points/data/0000000000.bin,pbea_native,2048,128,145402,138620,12,1.1162778249999974,1.1106830349999655,0.01233648767833033,0.018258303243377884,0.007590013693694552,0.0358731840965988,0.24683658589537752,0.012832810285640721,0.020446600191027845,0.007884491929948653,0.03686919541943668,1.0078803195860453,0.012590574684788088,0.019409424874002528,0.00773551714031877,0.03635237182888511,1.0078803195860453
durlar,136730,DurLAR_20211209/ouster_points/data/0000000071.bin,DurLAR_20211209/ouster_points/data/0000000000.bin,alice_lri,2048,128,145028,145028,12,1.1815900389992748,1.1272270179997577,9.22224857699481e-07,1.702197015349209e-06,1.8214364229088953e-07,3.6132162124997993e-06,4.413972089136168e-05,9.222468471384509e-07,1.7022971308248722e-06,1.8214374241521342e-07,3.613218401129005e-06,4.4142938600052374e-05,9.222358524189662e-07,1.702247073823061e-06,1.8214374241521342e-07,3.6132319330814635e-06,4.4142938600052374e-05
durlar,136730,DurLAR_20211209/ouster_points/data/0000000071.bin,DurLAR_20211209/ouster_points/data/0000000000.bin,pbea_native,2048,128,145028,138492,12,1.104642142998273,1.099015594998491,0.012157691857815999,0.018024513644936617,0.007382943915464995,0.03631752052092817,0.27182860615498106,0.012534423052940892,0.019785225926684455,0.007648199569315868,0.03654444920530699,1.6951226202541934,0.012350399856428346,0.018945618837309972,0.007514295661691843,0.03644518115968447,1.6951226202541934
durlar,137729,DurLAR_20211209/ouster_points/data/0000000072.bin,DurLAR_20211209/ouster_points/data/0000000000.bin,alice_lri,2048,128,144933,144933,12,1.1898530860016763,1.1250047070006985,9.415222378907441e-07,1.7259074605678342e-06,1.888291130520217e-07,3.7291147380512467e-06,5.6400302738498396e-05,9.415461534346287e-07,1.726001528636764e-06,1.8882911311127428e-07,3.7296847896777172e-06,5.640580858489513e-05,9.415341956626865e-07,1.7259544952431618e-06,1.8882911308164798e-07,3.7295722972061094e-06,5.640580858489513e-05
durlar,137729,DurLAR_20211209/ouster_points/data/0000000072.bin,DurLAR_20211209/ouster_points/data/0000000000.bin,pbea_native,2048,128,144933,138676,12,1.1177162029998726,1.1115531450013805,0.011950222701591634,0.017930732540394387,0.007165268777394479,0.036576762997148536,0.4264549915150219,0.012260783279661382,0.01886934786141429,0.0074119736676462435,0.036796138639829765,0.6498132802323805,0.01210892879435097,0.01841637188136535,0.007290477879102915,0.03674573895336778,0.6498132802323805
durlar,140732,DurLAR_20211209/ouster_points/data/0000000073.bin,DurLAR_20211209/ouster_points/data/0000000000.bin,alice_lri,2048,128,145018,145018,12,1.1694045639997057,1.1153032149995852,9.6176139767951e-07,1.7526070296554728e-06,1.8817294017274193e-07,3.90704150239103e-06,3.616952061946799e-05,9.617533475450745e-07,1.75260885197745e-06,1.8816068014003e-07,3.907027380397769e-06,3.617129914260052e-05,9.617573726122924e-07,1.7526079408166983e-06,1.8816668024274847e-07,3.907040184253845e-06,3.617129914260052e-05
durlar,140732,DurLAR_20211209/ouster_points/data/0000000073.bin,DurLAR_20211209/ouster_points/data/0000000000.bin,pbea_native,2048,128,145018,138694,12,1.1067489510023734,1.101126589001069,0.011922265603191168,0.01796910916240893,0.007040700199910238,0.036791700048765835,0.2634366561604108,0.012289661155358296,0.020577320442683004,0.007347636305401441,0.03706245658691515,2.375975762203793,0.01211005804124163,0.019346265746854222,0.007195728439137518,0.036859575735069115,2.375975762203793
durlar,134731,DurLAR_20211209/ouster_points/data/0000000074.bin,DurLAR_20211209/ouster_points/data/0000000000.bin,alice_lri,2048,128,145376,145376,12,1.1789796660013963,1.1242645020010968,9.87180505250452e-07,1.7936369261000746e-06,1.923595739861213e-07,3.985143522788148e-06,3.0714632358182064e-05,9.871078070593555e-07,1.7925194324916575e-06,1.92359593305729e-07,3.985337775242946e-06,3.071605964483758e-05,9.871441561549036e-07,1.7930782663523e-06,1.9235958315333573e-07,3.985263826317046e-06,3.071605964483758e-05
durlar,134731,DurLAR_20211209/ouster_points/data/0000000074.bin,DurLAR_20211209/ouster_points/data/0000000000.bin,pbea_native,2048,128,145376,138998,12,1.1093378299974574,1.1034900349986856,0.01175574568561858,0.017828983656259935,0.006867834283465657,0.03659864746369997,0.22303132032614925,0.012669933436464317,0.21194682904386586,0.007135390593466375,0.037452829267388014,80.495423773043,0.012223091358805827,0.15205214503465847,0.00700317734365311,0.03709971345328436,80.495423773043
durlar,142731,DurLAR_20211209/ouster_points/data/0000000075.bin,DurLAR_20211209/ouster_points/data/0000000000.bin,alice_lri,2048,128,145789,145789,12,1.185203379000086,1.130312358000083,9.850165411450638e-07,1.7978426163011492e-06,1.9060561957376254e-07,3.9822341633491285e-06,3.101672978648385e-05,9.850293546347314e-07,1.7979228475041662e-06,1.9060561832135599e-07,3.98223720789632e-06,3.102482462710031e-05,9.850229478898977e-07,1.7978827323502011e-06,1.9060561894755926e-07,3.982454272777151e-06,3.102482462710031e-05
durlar,142731,DurLAR_20211209/ouster_points/data/0000000075.bin,DurLAR_20211209/ouster_points/data/0000000000.bin,pbea_native,2048,128,145789,139271,12,1.1264320789978228,1.1199110359993938,0.011752361069150325,0.017833322058719025,0.00687521967952765,0.036522147879681256,0.2568377856046465,0.012163912817617467,0.031859284286716937,0.0071041858191155756,0.037332512859321536,9.866215739116575,0.011962842083172904,0.025970928189556142,0.0069834335472224555,0.03679461510275943,9.866215739116575
durlar,127731,DurLAR_20211209/ouster_points/data/0000000076.bin,DurLAR_20211209/ouster_points/data/0000000000.bin,alice_lri,2048,128,145978,145978,12,1.1978451470004075,1.128698708000229,9.596315545365621e-07,1.7888767082723094e-06,1.8428082482412984e-07,3.884682586225592e-06,8.498179702882277e-05,9.596680118710434e-07,1.7890233621560222e-06,1.8428080036057372e-07,3.8848611520117555e-06,8.49889272698927e-05,9.596497832038026e-07,1.788950036716958e-06,1.842808100698519e-07,3.884860641209869e-06,8.49889272698927e-05
durlar,127731,DurLAR_20211209/ouster_points/data/0000000076.bin,DurLAR_20211209/ouster_points/data/0000000000.bin,pbea_native,2048,128,145978,139393,12,1.1139262670003518,1.1081035010010964,0.011836494063661234,0.017769722065583006,0.007054521837482817,0.03614402236115918,0.21201356064036117,0.012133129145168453,0.018872424897050988,0.0073048052611078135,0.03630421394132668,1.7155397769719114,0.011988234065021782,0.018342080136343163,0.007177307104484066,0.036231589715328985,1.7155397769719114
durlar,129731,DurLAR_20211209/ouster_points/data/0000000077.bin,DurLAR_20211209/ouster_points/data/0000000000.bin,alice_lri,2048,128,146082,146082,12,1.1936701570011792,1.1300233199999639,9.921074124762493e-07,1.7972118322486102e-06,1.9655414556483026e-07,3.9768635441053945e-06,4.8602110445888654e-05,9.921366041170695e-07,1.7973126932162154e-06,1.965410332335423e-07,3.976880497832368e-06,4.860453514096676e-05,9.921220082966593e-07,1.7972622634399427e-06,1.965516888652218e-07,3.976879769673304e-06,4.860453514096676e-05
durlar,129731,DurLAR_20211209/ouster_points/data/0000000077.bin,DurLAR_20211209/ouster_points/data/0000000000.bin,pbea_native,2048,128,146082,139613,12,1.1155352990008396,1.1098436289994424,0.011681702932614063,0.017634997030391963,0.006879205508686824,0.03605639098503686,0.21888333112176822,0.012224563676037994,0.029490501055326492,0.007140044038123711,0.03708221805177911,4.262963626088428,0.011959279309942525,0.024426761494362403,0.007009974996936825,0.03661533166311633,4.262963626088428
durlar,137730,DurLAR_20211209/ouster_points/data/0000000078.bin,DurLAR_20211209/ouster_points/data/0000000000.bin,alice_lri,2048,128,146432,146432,12,1.1893675179999263,1.1231074150000495,9.811509184077677e-07,1.7948159215222657e-06,2.0824732958243891e-07,3.835233347612968e-06,8.127758856844123e-05,9.811767356291333e-07,1.7949085699027694e-06,2.0827040598352107e-07,3.835374496219134e-06,8.128527709705964e-05,9.811638270184505e-07,1.7948622463103156e-06,2.0826054037037412e-07,3.835339995470575e-06,8.128527709705964e-05
durlar,137730,DurLAR_20211209/ouster_points/data/0000000078.bin,DurLAR_20211209/ouster_points/data/0000000000.bin,pbea_native,2048,128,146432,139874,12,1.1160510879999492,1.1104290040002525,0.011504692872349334,0.017544744284452886,0.006811640958589793,0.03546780470151267,0.21761641909081597,0.01192422827559524,0.019111375739439936,0.007062689742105152,0.03663521533288362,0.6092975544909951,0.011719265421189054,0.018362708459578315,0.006932696912786364,0.03617888631223436,0.6092975544909951
durlar,137731,DurLAR_20211209/ouster_points/data/0000000079.bin,DurLAR_20211209/ouster_points/data/0000000000.bin,alice_lri,2048,128,145989,145989,12,1.1914626440011489,1.1354722200012475,9.281279436657047e-07,1.6944899143449473e-06,1.9164231865326072e-07,3.697745224624079e-06,2.674380952839825e-05,9.281470192672856e-07,1.6945671367134426e-06,1.9164229364594883e-07,3.6979925737405034e-06,2.6747779867286658e-05,9.28137481466495e-07,1.6945285259690881e-06,1.9164230614960477e-07,3.6979692920015263e-06,2.6747779867286658e-05
durlar,137731,DurLAR_20211209/ouster_points/data/0000000079.bin,DurLAR_20211209/ouster_points/data/0000000000.bin,pbea_native,2048,128,145989,139414,12,1.130890784001167,1.1243109330007428,0.011638923811102464,0.017326632976765156,0.007008817032897477,0.03490462222158877,0.20346312801362007,0.012026818163342192,0.01809214297588772,0.007276365371658863,0.03592338474489795,0.25165451892925295,0.01183733906458307,0.017722337261860354,0.0071422183540426655,0.0355496008941942,0.25165451892925295
durlar,133730,DurLAR_20211209/ouster_points/data/0000000080.bin,DurLAR_20211209/ouster_points/data/0000000000.bin,alice_lri,2048,128,146126,146126,12,1.1873136440008238,1.1328312269997696,9.863089881831505e-07,1.7848567774173235e-06,2.1818483799087702e-07,3.912620506965267e-06,3.771389675483642e-05,9.86322601762985e-07,1.784912023499912e-06,2.1819841896913684e-07,3.912621640070294e-06,3.771588413604109e-05,9.863157949730677e-07,1.784884400672366e-06,2.1818642143460433e-07,3.912854170139169e-06,3.771588413604109e-05
durlar,133730,DurLAR_20211209/ouster_points/data/0000000080.bin,DurLAR_20211209/ouster_points/data/0000000000.bin,pbea_native,2048,128,146126,139635,12,1.1270611849995475,1.1213220190002176,0.011365101271299438,0.017132811675368842,0.0068030244846693415,0.03447076985395864,0.2195115006282271,0.011775887672158142,0.018872984887105548,0.007065826137596969,0.035679842113530334,0.7893102341110403,0.011575159934349606,0.018043641808422477,0.006940518172680884,0.03500521085886943,0.7893102341110403
durlar,150728,DurLAR_20211209/ouster_points/data/0000000081.bin,DurLAR_20211209/ouster_points/data/0000000000.bin,alice_lri,2048,128,145987,145987,12,1.1948972730006062,1.1307500879993313,9.853607816618796e-07,1.7888540246158141e-06,2.256062414355311e-07,3.856225576201954e-06,4.555468049789903e-05,9.853804738054463e-07,1.7889693268007344e-06,2.2560637920063073e-07,3.856630846367499e-06,4.555738220117599e-05,9.853706277336633e-07,1.7889116766372326e-06,2.256063103180809e-07,3.856587306714146e-06,4.555738220117599e-05
durlar,150728,DurLAR_20211209/ouster_points/data/0000000081.bin,DurLAR_20211209/ouster_points/data/0000000000.bin,pbea_native,2048,128,145987,139450,12,1.131891880000694,1.1254160170010437,0.011573264309900322,0.017207035688452704,0.007039636170536757,0.03473829159588193,0.20948322763328633,0.011974001730412744,0.018269797773795175,0.007298018918920056,0.03552300414571637,0.36719533553078887,0.011778221809482882,0.01775853402715608,0.007171117729141622,0.035222555826676424,0.36719533553078887
durlar,134732,DurLAR_20211209/ouster_points/data/0000000082.bin,DurLAR_20211209/ouster_points/data/0000000000.bin,alice_lri,2048,128,145645,145645,12,1.1706111879993841,1.1184602890007227,1.0018079925066666e-06,1.810659618703376e-06,2.2442704629979875e-07,3.970101056942357e-06,4.0910082122056056e-05,1.001845227052692e-06,1.810765029220096e-06,2.2442701278729922e-07,3.97007252807557e-06,4.091156532095148e-05,1.0018266097796794e-06,1.8107123247287945e-06,2.2442702954354898e-07,3.97009739258605e-06,4.091156532095148e-05
durlar,134732,DurLAR_20211209/ouster_points/data/0000000082.bin,DurLAR_20211209/ouster_points/data/0000000000.bin,pbea_native,2048,128,145645,138881,12,1.1117617600011727,1.10548716500125,0.011624266273345417,0.017247781354340345,0.007087463101697388,0.03520290651048138,0.20191752234312163,0.012151503811815786,0.020290895401570527,0.007340050697964697,0.03555515800496354,1.01327471244887,0.011894152017672884,0.018866929788844074,0.007221904127716243,0.03540100782920047,1.01327471244887
durlar,142732,DurLAR_20211209/ouster_points/data/0000000083.bin,DurLAR_20211209/ouster_points/data/0000000000.bin,alice_lri,2048,128,145526,145526,12,1.1993269399990822,1.1431795449989295,1.0242027044838345e-06,1.8619796277804242e-06,2.2685980373681637e-07,4.111638810671382e-06,0.00012077875502582768,1.0242179754071473e-06,1.8620691738438528e-06,2.2685989433683498e-07,4.1116254093646535e-06,0.00012079385749922096,1.024210339945491e-06,1.8620244013504305e-06,2.2685980373681637e-07,4.1116444657713205e-06,0.00012079385749922096
durlar,142732,DurLAR_20211209/ouster_points/data/0000000083.bin,DurLAR_20211209/ouster_points/data/0000000000.bin,pbea_native,2048,128,145526,138583,12,1.105252228999234,1.0994092079999973,0.011659465428736844,0.017287628076841036,0.007188931783366839,0.0348202863095163,0.4773463430324726,0.012207456739941523,0.020114999331214658,0.007408824086865067,0.035632398186952935,0.8427852640904855,0.011940156936413026,0.018789087359197515,0.0072981707856861035,0.03530763067617255,0.8427852640904855
durlar,133731,DurLAR_20211209/ouster_points/data/0000000084.bin,DurLAR_20211209/ouster_points/data/0000000000.bin,alice_lri,2048,128,145170,145170,12,1.1791201870018995,1.122444581000309,1.0041158478486034e-06,1.815313389024601e-06,2.254000822659482e-07,3.9443889049778244e-06,5.562826594364026e-05,1.0041452257306494e-06,1.815418193604141e-06,2.2539939735583232e-07,3.9445735087912486e-06,5.563292816345193e-05,1.0041305367896264e-06,1.8153657920706921e-06,2.2539939735583232e-07,3.944505012334125e-06,5.563292816345193e-05
durlar,133731,DurLAR_20211209/ouster_points/data/0000000084.bin,DurLAR_20211209/ouster_points/data/0000000000.bin,pbea_native,2048,128,145170,138431,12,1.1083778030006215,1.1026723360009782,0.011714408460212128,0.017151971331314988,0.0072645729373906065,0.03451360660923854,0.17975097633991116,0.012238995488572013,0.020129255628454253,0.0074749668330351075,0.035173519547095515,1.0415632053391088,0.011982934660426532,0.018735188650360043,0.007365047091522801,0.03485725059934559,1.0415632053391088
durlar,136731,DurLAR_20211209/ouster_points/data/0000000085.bin,DurLAR_20211209/ouster_points/data/0000000000.bin,alice_lri,2048,128,144800,144800,12,1.182034046998524,1.1278507609986264,9.7660101036105e-07,1.803373608424478e-06,2.0417806272233453e-07,3.891944142259529e-06,5.4457912732140347e-05,9.7658291445807e-07,1.8033424509554762e-06,2.0417808582529266e-07,3.89195541478458e-06,5.446141063314894e-05,9.7659196240956e-07,1.8033580297572674e-06,2.0417808582529266e-07,3.891954580581904e-06,5.446141063314894e-05
durlar,136731,DurLAR_20211209/ouster_points/data/0000000085.bin,DurLAR_20211209/ouster_points/data/0000000000.bin,pbea_native,2048,128,144800,137937,12,1.1081818450002174,1.1024271940004837,0.011864214346409819,0.017349357055296426,0.007318627593589684,0.03478104261726148,0.17240810347562777,0.01239837713852261,0.02005603626994258,0.007537894455168768,0.03568821565367866,0.7114675585390129,0.01213777872708137,0.01878433298148708,0.007420114559199836,0.03506489216772446,0.7114675585390129
durlar,143731,DurLAR_20211209/ouster_points/data/0000000086.bin,DurLAR_20211209/ouster_points/data/0000000000.bin,alice_lri,2048,128,144763,144763,12,1.1690393690005294,1.114427507000073,9.744617309919338e-07,1.7829562172481165e-06,2.0942125922443434e-07,3.886432096484962e-06,3.507230181708096e-05,9.744905576476493e-07,1.783075712648476e-06,2.094212531058414e-07,3.886423921190175e-06,3.507740181553767e-05,9.744761443197916e-07,1.7830159659493496e-06,2.0942125616513787e-07,3.8864390670612465e-06,3.507740181553767e-05
durlar,143731,DurLAR_20211209/ouster_points/data/0000000086.bin,DurLAR_20211209/ouster_points/data/0000000000.bin,pbea_native,2048,128,144763,138083,12,1.1127953870000056,1.1064058359988849,0.01197967017664001,0.01745529472291273,0.00752086679605467,0.03473961266767995,0.22604153198958243,0.012403691571146182,0.01910655403437285,0.007781231294149751,0.03631412305313442,1.2208002040760166,0.012196687950032233,0.018319027782989408,0.0076506218526148926,0.03562143451812964,1.2208002040760166
durlar,150729,DurLAR_20211209/ouster_points/data/0000000087.bin,DurLAR_20211209/ouster_points/data/0000000000.bin,alice_lri,2048,128,144586,144586,12,1.1744461329999467,1.1240659390005021,9.612010869537192e-07,1.8660562201159072e-06,1.9762752750968948e-07,3.837696985626084e-06,0.00018937313563100207,9.611873538728784e-07,1.86590196673255e-06,1.9762757303382972e-07,3.8376926492893545e-06,0.00018937307265305038,9.611942204132987e-07,1.8659790950181713e-06,1.9762754252409053e-07,3.837705520474495e-06,0.00018937313563100207
durlar,150729,DurLAR_20211209/ouster_points/data/0000000087.bin,DurLAR_20211209/ouster_points/data/0000000000.bin,pbea_native,2048,128,144586,137748,12,1.1015467260003788,1.0955668930000684,0.012007446251730438,0.017415061945540367,0.007504207967330523,0.03500730470201293,0.3352519567802274,0.012382823598311488,0.01878472909809529,0.00772660804873293,0.036271724261832845,1.7789371424902027,0.012199680658612953,0.018129413601065,0.007619099441674137,0.035675744462900824,1.7789371424902027
durlar,147736,DurLAR_20211209/ouster_points/data/0000000088.bin,DurLAR_20211209/ouster_points/data/0000000000.bin,alice_lri,2048,128,145042,145042,12,1.1714322629995877,1.1196667029998935,9.569282794204135e-07,1.7720886457029373e-06,1.9084589675788594e-07,3.864270974456097e-06,3.465769494443228e-05,9.56865014851475e-07,1.771894631634199e-06,1.9084585248082871e-07,3.863402890190785e-06,3.466111578411663e-05,9.568966471359442e-07,1.7719916413238753e-06,1.9084589675788594e-07,3.864252204418328e-06,3.466111578411663e-05
durlar,147736,DurLAR_20211209/ouster_points/data/0000000088.bin,DurLAR_20211209/ouster_points/data/0000000000.bin,pbea_native,2048,128,145042,138260,12,1.110582102999615,1.1046523629993317,0.011946966636608904,0.01742594112675263,0.007485078160803063,0.035297179817328585,0.30612458132582515,0.012363291605295723,0.019811835968065166,0.007743618008253792,0.036300484071582866,2.392014811819393,0.012160112347222574,0.018685544540845433,0.007612670900988321,0.035783036308442005,2.392014811819393
durlar,145730,DurLAR_20211209/ouster_points/data/0000000089.bin,DurLAR_20211209/ouster_points/data/0000000000.bin,alice_lri,2048,128,144978,144978,12,1.193097019000561,1.119377885999711,9.686849977270006e-07,1.7754108970935463e-06,2.0464552345658118e-07,3.840445611306778e-06,3.475006058706483e-05,9.686711287623322e-07,1.7753910277807017e-06,2.046305326262965e-07,3.840444466103744e-06,3.475233419138701e-05,9.686780632446664e-07,1.77540096246492e-06,2.0464188289970406e-07,3.840469199865394e-06,3.475233419138701e-05
durlar,145730,DurLAR_20211209/ouster_points/data/0000000089.bin,DurLAR_20211209/ouster_points/data/0000000000.bin,pbea_native,2048,128,144978,138175,12,1.106597828998929,1.1008269329995528,0.011793531978122681,0.01713621076837913,0.007450448651988159,0.03385990638060431,0.1744339040488091,0.012229899746632926,0.018380920034142885,0.007696679557619686,0.03526497142793457,0.4089127421429315,0.01201695792219913,0.017784404529801224,0.007571826195454599,0.034580603696823496,0.4089127421429315
durlar,132729,DurLAR_20211209/ouster_points/data/0000000090.bin,DurLAR_20211209/ouster_points/data/0000000000.bin,alice_lri,2048,128,145417,145417,12,1.1796027630007302,1.126933438999913,9.522375370730909e-07,1.7520781515741735e-06,2.0296652701039553e-07,3.8036618113881877e-06,3.719228626688012e-05,9.522490641420603e-07,1.7521713377354391e-06,2.0300054785777621e-07,3.803652931961277e-06,3.719506428052981e-05,9.522433006075756e-07,1.7521247452743159e-06,2.0298354438496083e-07,3.8036691803682193e-06,3.719506428052981e-05
durlar,132729,DurLAR_20211209/ouster_points/data/0000000090.bin,DurLAR_20211209/ouster_points/data/0000000000.bin,pbea_native,2048,128,145417,138590,12,1.1203453279977111,1.114011395999114,0.011764527110123848,0.017162473961007854,0.007352945066067771,0.03400224552490891,0.27899203122452904,0.012147369867852713,0.018003806622538525,0.007592357218195431,0.035004077475061936,0.34295819375947184,0.011960549902874231,0.017598277909534558,0.007472162658453483,0.03435355757626883,0.34295819375947184
durlar,138733,DurLAR_20211209/ouster_points/data/0000000091.bin,DurLAR_20211209/ouster_points/data/0000000000.bin,alice_lri,2048,128,145226,145226,12,1.1723858029999974,1.1179288860002998,9.220293018268663e-07,1.716856796096178e-06,1.9662472569460753e-07,3.6904189762776477e-06,3.061657256617925e-05,9.221069409497903e-07,1.7172173988345844e-06,1.9664336470245016e-07,3.690977482056126e-06,3.061791307086539e-05,9.220681213883284e-07,1.717037106931858e-06,1.9664093441000724e-07,3.6907807759890936e-06,3.061791307086539e-05
durlar,138733,DurLAR_20211209/ouster_points/data/0000000091.bin,DurLAR_20211209/ouster_points/data/0000000000.bin,pbea_native,2048,128,145226,138193,12,1.1008306940002512,1.0946682089997921,0.011693209032772454,0.017008030240101547,0.00733984450528894,0.033865728422233295,0.2398519829993196,0.012177809103852801,0.01902361134044952,0.007616526320582922,0.03473282598682303,0.9786873899354195,0.011941521707373361,0.018068938153914953,0.007479767075042061,0.03410226194917542,0.9786873899354195
durlar,139730,DurLAR_20211209/ouster_points/data/0000000092.bin,DurLAR_20211209/ouster_points/data/0000000000.bin,alice_lri,2048,128,145497,145497,12,1.1746778350006934,1.1221017810003104,9.100658335144264e-07,1.719381504173264e-06,1.945690117392592e-07,3.6716517607083816e-06,0.00011397237692355411,9.10061540823806e-07,1.7194262121444428e-06,1.945690125154971e-07,3.6717268798747107e-06,0.00011398786250612638,9.100636871691161e-07,1.7194038583041657e-06,1.9456901212737813e-07,3.67170054019268e-06,0.00011398786250612638
durlar,139730,DurLAR_20211209/ouster_points/data/0000000092.bin,DurLAR_20211209/ouster_points/data/0000000000.bin,pbea_native,2048,128,145497,138354,12,1.110601199001394,1.1040858150008717,0.011648372249676636,0.016961465092675043,0.007331129856695203,0.03389617659047606,0.2913552956151075,0.012214608181220905,0.023211188038277528,0.0076071127675511755,0.03449283200740223,3.028255134870892,0.011938614768927568,0.0204054965093858,0.007469380594543407,0.03430691466411686,3.028255134870892
durlar,139731,DurLAR_20211209/ouster_points/data/0000000093.bin,DurLAR_20211209/ouster_points/data/0000000000.bin,alice_lri,2048,128,145564,145564,12,1.1711966950006172,1.125531891000719,8.738788170699157e-07,1.6470624821956889e-06,1.747072955645729e-07,3.54650869199036e-06,5.266080438038659e-05,8.739131545406156e-07,1.6471902167462671e-06,1.7468613830279957e-07,3.5465120876649875e-06,5.26689647721882e-05,8.738959858052657e-07,1.6471263507092037e-06,1.7469537773770662e-07,3.5465183625984726e-06,5.26689647721882e-05
durlar,139731,DurLAR_20211209/ouster_points/data/0000000093.bin,DurLAR_20211209/ouster_points/data/0000000000.bin,pbea_native,2048,128,145564,138509,12,1.1107658030014136,1.1048390600008133,0.011699783962676348,0.017128350702241613,0.007361527892240149,0.03450312620237307,0.31833371968630425,0.012284580812067281,0.01977336750898539,0.007626514647453338,0.0359763376124174,0.8396450584362372,0.01199944415067289,0.018530927031259095,0.0075020015295536755,0.03486560443636941,0.8396450584362372
durlar,139732,DurLAR_20211209/ouster_points/data/0000000094.bin,DurLAR_20211209/ouster_points/data/0000000000.bin,alice_lri,2048,128,145409,145409,12,1.1835273840006266,1.1288330370007316,8.743995307127049e-07,1.6388234105346782e-06,1.7952065308291356e-07,3.509006813005072e-06,2.5584582551142346e-05,8.743480055310904e-07,1.6384614085253752e-06,1.7952057797980476e-07,3.5090566876780275e-06,2.5592286079603137e-05,8.743737681218975e-07,1.6386424195265224e-06,1.7952060892601265e-07,3.5090519021806787e-06,2.5592286079603137e-05
durlar,139732,DurLAR_20211209/ouster_points/data/0000000094.bin,DurLAR_20211209/ouster_points/data/0000000000.bin,pbea_native,2048,128,145409,138323,12,1.117770704000577,1.1113557799999398,0.011571843633362736,0.01697747052917461,0.0073276307290600536,0.034584794044559844,0.36081703616950944,0.01218868648654902,0.019848089799511186,0.007600996803893868,0.03522259115647674,0.6925731543422876,0.011887967660398686,0.0185043408220965,0.007463803439482037,0.034803598496780656,0.6925731543422876
durlar,135728,DurLAR_20211209/ouster_points/data/0000000095.bin,DurLAR_20211209/ouster_points/data/0000000000.bin,alice_lri,2048,128,145166,145166,12,1.1655027819997485,1.119494553999175,8.823122990627088e-07,1.6849005317506172e-06,1.8779782891063086e-07,3.4890995093604697e-06,3.606274124276176e-05,8.823645159490583e-07,1.685152913065346e-06,1.8779722799328015e-07,3.4889765696821597e-06,3.606478581413185e-05,8.823384075058834e-07,1.6850267271331532e-06,1.8779782891063086e-07,3.4890866829904584e-06,3.606478581413185e-05
durlar,135728,DurLAR_20211209/ouster_points/data/0000000095.bin,DurLAR_20211209/ouster_points/data/0000000000.bin,pbea_native,2048,128,145166,138127,12,1.1065908639993722,1.0990509549992566,0.011325567931342456,0.016561508277637534,0.007229363353766924,0.033803612448128746,0.2293766572632334,0.011802451904732572,0.01764048655811518,0.007516658013638073,0.03460655908246622,0.6897059535671762,0.011569934501928916,0.01712289781167919,0.007368126785969584,0.03426079824773822,0.6897059535671762
durlar,132730,DurLAR_20211209/ouster_points/data/0000000096.bin,DurLAR_20211209/ouster_points/data/0000000000.bin,alice_lri,2048,128,145506,145506,12,1.1979156239995064,1.1359430459997384,8.522875123990599e-07,1.6260780480393415e-06,1.892472680971926e-07,3.3124970800227454e-06,6.347434005994956e-05,8.522184599740021e-07,1.625397502465159e-06,1.892694763028998e-07,3.312499812536434e-06,6.347960368575195e-05,8.52252986186531e-07,1.6257378108624114e-06,1.8924908598670994e-07,3.3125225904079057e-06,6.347960368575195e-05
durlar,132730,DurLAR_20211209/ouster_points/data/0000000096.bin,DurLAR_20211209/ouster_points/data/0000000000.bin,pbea_native,2048,128,145506,138453,12,1.117507316001138,1.111824436000461,0.011201755366403127,0.016424799412964746,0.007164307712683108,0.03288809812462112,0.3739370263031396,0.01176324025175079,0.018216098586987927,0.007445998717320762,0.03427407195174394,0.764119039902597,0.01148947091592752,0.017365793130287886,0.007302130621039424,0.03357727064995487,0.764119039902597
durlar,143732,DurLAR_20211209/ouster_points/data/0000000097.bin,DurLAR_20211209/ouster_points/data/0000000000.bin,alice_lri,2048,128,145441,145441,12,1.1860091750004358,1.1314651539996703,8.525280221950048e-07,1.6190545542710562e-06,1.902098516590369e-07,3.2440537161900333e-06,6.755732528591333e-05,8.525110817901151e-07,1.6189854903759782e-06,1.9021372527719883e-07,3.244228477929497e-06,6.756169780786509e-05,8.5251955199256e-07,1.6190200226917816e-06,1.902117851647167e-07,3.2442197398425262e-06,6.756169780786509e-05
durlar,143732,DurLAR_20211209/ouster_points/data/0000000097.bin,DurLAR_20211209/ouster_points/data/0000000000.bin,pbea_native,2048,128,145441,138727,12,1.124894434999078,1.1184541279999394,0.011057754454271802,0.016281484791396548,0.007017863337498711,0.03226198217621639,0.41450423725328683,0.011536401862590273,0.019085026819658044,0.007248022333466237,0.03299540368950131,1.4853270990814589,0.011302732628145169,0.01777171397506241,0.007133346913021811,0.03261527705872551,1.4853270990814589
durlar,133732,DurLAR_20211209/ouster_points/data/0000000098.bin,DurLAR_20211209/ouster_points/data/0000000000.bin,alice_lri,2048,128,145683,145683,12,1.1893377500000497,1.1362296190000052,8.635301814373791e-07,1.6157858374507164e-06,2.1497691299827982e-07,3.2665707680737656e-06,2.868020730104341e-05,8.635596986565788e-07,1.6159081528928864e-06,2.1497683454883562e-07,3.266637375346789e-06,2.8679565647065528e-05,8.635449400469789e-07,1.6158469963291717e-06,2.1497689313309457e-07,3.266632961989615e-06,2.868020730104341e-05
durlar,133732,DurLAR_20211209/ouster_points/data/0000000098.bin,DurLAR_20211209/ouster_points/data/0000000000.bin,pbea_native,2048,128,145683,140089,12,1.1305673730003036,1.1241877930006012,0.010752786276879629,0.015766881102916696,0.006851382657624267,0.030749706453378836,0.4062115100438624,0.011047153416907662,0.017560349882431412,0.007000926636295408,0.03157254899471154,1.5301989327249275,0.010902850972023674,0.016705245502378323,0.006926465221293667,0.0312154125230698,1.5301989327249275
durlar,150730,DurLAR_20211209/ouster_points/data/0000000099.bin,DurLAR_20211209/ouster_points/data/0000000000.bin,alice_lri,2048,128,145424,145424,12,1.189977763002389,1.1264984370009188,8.536156029281433e-07,1.6007338210701667e-06,2.0871676077597554e-07,3.2110418469126892e-06,4.5317994392479024e-05,8.536448094676744e-07,1.6008796493669444e-06,2.087321084578017e-07,3.2111475401851484e-06,4.5332397232017576e-05,8.536302061979088e-07,1.600806736879116e-06,2.0872278451064701e-07,3.21113150738613e-06,4.5332397232017576e-05
durlar,150730,DurLAR_20211209/ouster_points/data/0000000099.bin,DurLAR_20211209/ouster_points/data/0000000000.bin,pbea_native,2048,128,145424,140055,12,1.127556324001489,1.1216242280006554,0.010603770385179257,0.015683726700136503,0.006722274733210158,0.029830061997631278,0.4438340102853447,0.01087848508546834,0.01667197414509766,0.006865322486265614,0.030305951810466438,0.6823586981696754,0.010743711013298452,0.016194680712765974,0.006792063588507039,0.03005546997324898,0.6823586981696754
